age,gender,marital_status,education_level,annual_income,monthly_income,employment_status,debt_to_income_ratio,credit_score,loan_amount,loan_purpose,interest_rate,loan_term,installment,grade_subgrade,num_of_open_accounts,total_credit_limit,current_balance,delinquency_history,public_records,num_of_delinquencies,loan_paid_back
15.0,FEMALE,,Master,76196.0,,Self-Employed,29.71,878.0,,Medical,14.42,24.0,,B2,28.0,68237.0,,Yes,0.0,3.0,0
16.0,,Divorced,Master,23390.0,3934.17,,69.76,514.0,244715.0,Education,,48.0,,C2,23.0,149872.0,20916.0,,,1.0,
83.0,FEMALE,,Master,232582.0,19381.83,Retired,26.97,821.0,75341.0,Car,,,1220.0,B2,,,37789.0,YES,,0.0,Yes
16.0,male,MARRIED,Diploma,157024.0,,Retired,112.23,277.0,,Personal,,84.0,1345.0,B3,25.0,,48164.0,YES,0.0,0.0,
69.0,FEMALE,Divorced,Master,75143.0,7258.92,,,215.0,10071.0,Car,,36.0,2221.0,D2,,,,No,,1.0,0
22.0,Female,MARRIED,Master,72015.0,7522.25,employed,,,10287.0,,,48.0,,A2,16.0,,38762.0,,0.0,1.0,1
79.0,Female,MARRIED,Master,,,Employed,60.13,,59082.0,,5.69,24.0,2601.82,B2,6.0,113240.0,145066.0,Yes,,5.0,No
21.0,,single,PhD,9785.0,,Retired,33.75,,11500.0,Education,18.48,84.0,445.2,D1,14.0,,,Yes,3.0,4.0,No
72.0,FEMALE,,Diploma,197362.0,16446.83,Unemployed,72.64,891.0,196870.0,,,12.0,4593.0,C3,,88951.0,34664.0,YES,2.0,0.0,0
15.0,Other,Married,,,,Self-Employed,,279.0,,Business,25.74,72.0,,B3,30.0,58333.0,20202.0,Yes,1.0,5.0,
85.0,Other,Divorced,bachelor,81941.0,6828.42,Employed,,894.0,62694.0,Home,,72.0,,B1,,,13656.0,,0.0,0.0,No
17.0,FEMALE,MARRIED,High School,126398.0,,,,876.0,25914.0,Education,21.16,48.0,654.11,C1,26.0,,22639.0,No,,4.0,
15.0,Female,Married,High School,236347.0,19599.58,Employed,18.47,253.0,,Vacation,15.62,24.0,2374.0,Z9,12.0,14240.0,11023.0,Yes,0.0,,Yes
,Other,MARRIED,Diploma,25164.0,2097.0,employed,,866.0,,,,84.0,4538.0,A3,19.0,,32108.0,,2.0,4.0,0
,Male,Divorced,Bachelor,,7178.0,employed,113.5,865.0,222140.0,Vacation,,84.0,,Z9,22.0,,25928.0,YES,1.0,,Yes
26.0,Other,MARRIED,High School,115290.0,,Student,92.37,529.0,135573.0,Home,,84.0,,C2,6.0,162841.0,181076.0,no,1.0,1.0,1
81.0,Male,,,280519.0,,employed,66.11,853.0,80593.0,Vacation,27.17,12.0,8540.84,E1,,208782.0,103980.0,,0.0,,Yes
,Female,MARRIED,Master,8766.0,730.5,Retired,38.57,,,Business,,,3618.0,E1,21.0,44245.0,62524.0,no,2.0,4.0,0
74.0,male,,Bachelor,9002.0,1578.17,Student,93.02,870.0,228666.0,Business,23.13,60.0,4641.61,B1,6.0,,25184.0,no,1.0,1.0,1
16.0,Male,MARRIED,High School,6590.0,549.17,Retired,88.72,,,Car,,12.0,496.0,A3,12.0,93411.0,142745.0,no,0.0,1.0,1
69.0,FEMALE,Married,Bachelor,,,,,,199714.0,,,84.0,,Z9,9.0,,,,2.0,5.0,Yes
15.0,Other,Widowed,High School,9831.0,819.25,Student,101.98,,,Car,,36.0,,A2,27.0,223892.0,,no,2.0,0.0,0
32.0,Female,Divorced,Master,9720.0,,,99.76,856.0,215928.0,Medical,,,797.0,D2,28.0,173524.0,84163.0,no,0.0,5.0,No
77.0,FEMALE,Married,Bachelor,,10746.0,Retired,5.75,259.0,153362.0,,,,,D1,22.0,,,YES,1.0,3.0,No
77.0,,Divorced,bachelor,,6068.0,Self-Employed,74.33,539.0,,Personal,,36.0,3708.0,Z9,,,36614.0,No,3.0,0.0,1
50.0,Other,single,,,,employed,,891.0,54736.0,Business,,72.0,,A3,,,35971.0,Yes,3.0,1.0,
19.0,,,Diploma,,,Self-Employed,75.24,259.0,,Car,20.52,36.0,,,25.0,234143.0,162453.0,YES,2.0,3.0,
30.0,Other,Married,,254964.0,21601.0,Self-Employed,,440.0,92655.0,Medical,,60.0,,,25.0,217672.0,,No,0.0,2.0,
77.0,FEMALE,single,,294880.0,,Student,108.28,851.0,143135.0,Car,,60.0,,,,63385.0,9224.0,,,3.0,
,male,Married,Master,9599.0,799.92,Student,,275.0,,Vacation,,24.0,,B1,25.0,159894.0,30440.0,,0.0,5.0,
78.0,Other,Married,Diploma,269874.0,,employed,,275.0,115873.0,Personal,10.98,,,B2,0.0,,,No,,2.0,1
81.0,,,Diploma,7934.0,1072.17,Retired,,833.0,145678.0,Home,,24.0,570.0,Z9,,221977.0,134542.0,Yes,3.0,5.0,Yes
15.0,,Widowed,Diploma,6215.0,,Student,87.21,878.0,,Medical,,,4191.0,E1,26.0,,,Yes,0.0,,0
15.0,Female,single,Master,187862.0,15655.17,Self-Employed,,899.0,,Business,,12.0,2406.0,G5,,,,,0.0,1.0,
16.0,Other,Divorced,,5050.0,,Unemployed,47.73,353.0,53531.0,Car,21.91,24.0,2719.15,C3,26.0,169309.0,118920.0,YES,,3.0,Yes
35.0,Other,Divorced,High School,194535.0,,Employed,32.36,268.0,,Personal,20.18,48.0,,A3,,146795.0,155788.0,Yes,3.0,0.0,Yes
,male,Single,Master,,,employed,80.37,472.0,105468.0,Business,,72.0,771.0,E1,,112688.0,151280.0,No,1.0,0.0,1
74.0,male,Single,Bachelor,,8101.0,Retired,9.08,358.0,,Car,,72.0,1286.0,b2,,181463.0,201308.0,no,0.0,3.0,No
,Other,Divorced,Master,,2195.0,Student,47.6,642.0,,Vacation,19.68,48.0,3636.0,D1,,,11403.0,no,1.0,2.0,0
15.0,,Married,Diploma,93325.0,,Self-Employed,13.52,819.0,50372.0,Personal,20.25,84.0,721.1,B2,12.0,167527.0,181564.0,No,,,1
,male,Widowed,Diploma,238223.0,,employed,96.28,881.0,,Car,,48.0,3063.0,b2,3.0,220852.0,,No,2.0,3.0,No
27.0,FEMALE,Divorced,bachelor,295951.0,24662.58,Self-Employed,77.21,,113961.0,,16.3,84.0,1577.82,A1,16.0,51140.0,,No,1.0,4.0,No
15.0,Other,Married,PhD,74295.0,5167.25,Student,,669.0,84748.0,Vacation,,12.0,,Z9,26.0,138819.0,,,2.0,5.0,0
15.0,Other,Married,High School,281123.0,23426.92,employed,62.51,,243135.0,Medical,23.62,,,A2,20.0,108364.0,93853.0,Yes,2.0,2.0,0
,Male,Single,Bachelor,8167.0,,,,,,Personal,10.77,84.0,696.0,,27.0,80964.0,100216.0,no,3.0,2.0,0
,Other,Divorced,Master,9203.0,766.92,employed,68.26,892.0,19714.0,Business,7.47,72.0,294.26,B1,0.0,,11055.0,YES,,3.0,No
,Other,MARRIED,Diploma,,,,44.03,670.0,119413.0,Business,,24.0,2668.0,B2,28.0,,36531.0,Yes,2.0,4.0,No
78.0,Other,Married,bachelor,188618.0,,employed,35.32,743.0,,Education,,24.0,1076.0,D1,18.0,129721.0,,No,2.0,4.0,
15.0,FEMALE,Married,bachelor,44812.0,,Retired,98.34,,23103.0,Business,,12.0,,F1,9.0,,38799.0,Yes,1.0,3.0,Yes
15.0,Other,Widowed,bachelor,220971.0,19421.25,Retired,28.0,897.0,134280.0,Business,16.6,72.0,1999.59,B3,24.0,37058.0,9232.0,YES,2.0,3.0,0
,Other,MARRIED,Master,256461.0,21371.75,Unemployed,,886.0,,Car,,60.0,,F1,,134090.0,,,,5.0,No
,male,,Diploma,253117.0,21093.08,Unemployed,79.11,,233464.0,Medical,16.25,12.0,22657.83,Z9,21.0,,,Yes,3.0,4.0,
68.0,Male,Widowed,Bachelor,8887.0,740.58,Student,101.43,,77483.0,Home,,36.0,,B2,24.0,,,YES,,3.0,
17.0,Other,Widowed,Bachelor,268588.0,22880.33,Retired,107.72,,164624.0,Vacation,17.62,60.0,3227.18,E1,4.0,,47202.0,,0.0,2.0,Yes
,Other,single,Master,288522.0,,Employed,,,92248.0,,7.07,48.0,2300.71,C1,21.0,31579.0,38145.0,Yes,0.0,5.0,No
32.0,FEMALE,,PhD,8423.0,701.92,Student,,779.0,53034.0,Personal,,12.0,125.0,B3,26.0,76443.0,95092.0,No,0.0,5.0,
75.0,Other,Divorced,PhD,,8942.0,,75.69,541.0,,,6.74,,,D1,,154182.0,183459.0,no,2.0,5.0,0
16.0,Male,,High School,6809.0,567.42,Employed,50.58,861.0,197944.0,,,48.0,,B1,,,47122.0,YES,0.0,4.0,Yes
71.0,Male,Widowed,High School,146544.0,12500.0,Unemployed,,,,Vacation,,12.0,,F1,,175535.0,16714.0,no,1.0,5.0,
,Male,Single,bachelor,6043.0,503.58,,28.06,546.0,178215.0,Home,,84.0,,,,62375.0,,Yes,3.0,3.0,1
74.0,FEMALE,single,Master,210693.0,,Retired,,,89150.0,Vacation,11.59,48.0,2072.55,B2,9.0,,,no,3.0,1.0,1
84.0,FEMALE,,PhD,,,Employed,,864.0,163664.0,Medical,9.28,,,A1,6.0,72206.0,89799.0,Yes,3.0,1.0,No
74.0,,Single,PhD,281649.0,23029.75,employed,68.76,237.0,194178.0,Personal,,,857.0,C2,12.0,230066.0,254360.0,YES,,5.0,
,,Married,bachelor,276046.0,23003.83,,17.73,880.0,243274.0,Home,8.83,12.0,22062.92,Z9,15.0,,,no,,3.0,0
17.0,male,Married,,,,Self-Employed,21.5,,,Vacation,8.0,60.0,2953.0,Z9,1.0,106193.0,132802.0,No,0.0,3.0,Yes
59.0,Female,,Diploma,5348.0,,employed,50.14,220.0,224650.0,Vacation,5.59,60.0,3953.47,D2,,75860.0,23508.0,No,0.0,4.0,
72.0,male,Divorced,bachelor,,13173.0,Self-Employed,44.22,291.0,171652.0,Vacation,,84.0,,D2,11.0,,,Yes,2.0,3.0,
75.0,male,Married,PhD,,9625.0,Retired,14.33,,14538.0,Education,12.82,72.0,227.8,A3,22.0,158254.0,,YES,2.0,3.0,0
,Other,Divorced,PhD,167662.0,12525.83,,78.85,,203729.0,Business,,72.0,3656.0,D2,20.0,,,,0.0,4.0,1
55.0,,,Master,237470.0,,Retired,,853.0,,Car,,48.0,,B1,,175461.0,,,1.0,5.0,No
,Other,Single,Master,98926.0,6646.83,Employed,21.25,860.0,,Medical,16.69,,3114.0,D2,14.0,,,no,3.0,2.0,Yes
,,single,Diploma,95600.0,,Self-Employed,40.23,,105921.0,Vacation,19.73,48.0,2642.07,A1,19.0,140990.0,111770.0,Yes,,0.0,No
76.0,male,,High School,,9146.0,,67.07,223.0,,Vacation,13.72,72.0,2933.0,G5,25.0,,47267.0,YES,1.0,3.0,No
85.0,,Widowed,,244179.0,20348.25,Student,110.39,471.0,,Business,,12.0,,D1,1.0,226852.0,,no,2.0,1.0,Yes
54.0,,MARRIED,High School,215113.0,17926.08,employed,,,,Education,,24.0,2077.0,B2,6.0,124225.0,34447.0,Yes,,2.0,No
80.0,Other,MARRIED,Diploma,217924.0,,employed,51.4,,90037.0,,,12.0,,A3,,93937.0,,,2.0,3.0,Yes
38.0,Other,single,bachelor,132179.0,,Employed,97.57,,157103.0,,,60.0,2694.0,A1,,,9558.0,No,2.0,1.0,
16.0,Female,,,8046.0,-1117.5,Student,5.51,,,Car,20.94,84.0,,C2,,147974.0,,Yes,0.0,2.0,
73.0,Male,,,49448.0,,Student,24.33,553.0,215370.0,Business,21.48,84.0,3114.66,D1,,59984.0,5681.0,,1.0,4.0,No
,FEMALE,Married,bachelor,5447.0,480.92,Student,57.49,201.0,163199.0,Home,19.49,12.0,16250.54,A2,24.0,137300.0,,no,3.0,3.0,Yes
81.0,,Single,Master,84736.0,7061.33,Retired,,215.0,240612.0,Home,13.68,60.0,4558.8,B3,,97677.0,7589.0,no,2.0,1.0,
26.0,FEMALE,Single,Diploma,,,,32.99,881.0,120204.0,Vacation,,12.0,,B2,5.0,140619.0,,no,3.0,1.0,
17.0,,Single,Bachelor,254913.0,,Self-Employed,,,89254.0,Business,9.74,84.0,1342.04,C2,16.0,157003.0,,Yes,1.0,4.0,
58.0,,single,Bachelor,,14410.0,Student,58.6,,,Car,,,,A2,13.0,95277.0,,No,2.0,2.0,
17.0,,Divorced,bachelor,8708.0,725.67,Employed,108.46,227.0,18840.0,Car,,,2622.0,C2,,190245.0,219861.0,Yes,2.0,2.0,1
77.0,,MARRIED,Diploma,8785.0,732.08,Employed,109.76,425.0,9083.0,Education,,72.0,738.0,G5,12.0,108528.0,,YES,3.0,1.0,
15.0,male,Married,,8653.0,,employed,61.17,,,Personal,,,,b2,22.0,38670.0,,No,0.0,2.0,No
32.0,Other,MARRIED,,9337.0,778.08,,,272.0,,Business,10.17,48.0,4766.0,Z9,18.0,48504.0,,Yes,0.0,0.0,1
,FEMALE,Widowed,PhD,7717.0,643.08,Employed,23.51,882.0,146521.0,Education,5.9,36.0,4310.16,E1,,188983.0,,No,3.0,2.0,
26.0,FEMALE,single,,162165.0,,,86.8,514.0,,Personal,,36.0,,C3,3.0,165458.0,44010.0,Yes,3.0,3.0,Yes
,FEMALE,Single,PhD,,2161.0,Employed,119.12,255.0,76766.0,Vacation,15.11,60.0,1439.76,B3,17.0,129726.0,22296.0,No,1.0,3.0,No
17.0,Female,Single,High School,85799.0,5352.92,Self-Employed,14.4,,244091.0,,,12.0,,Z9,,,41965.0,no,3.0,1.0,
,Male,MARRIED,Master,,,employed,,,36200.0,Medical,8.05,24.0,1629.75,A3,,190969.0,,Yes,,4.0,No
80.0,,,Master,8678.0,723.17,Retired,76.57,,26260.0,Car,,48.0,1261.0,G5,,,,no,,,0
15.0,Male,Widowed,Bachelor,,4827.0,,104.74,872.0,,Medical,18.81,36.0,2306.0,C3,,,45617.0,Yes,1.0,1.0,
16.0,Female,MARRIED,bachelor,121254.0,8873.5,Retired,53.36,505.0,,,,12.0,,A2,11.0,,34213.0,,2.0,,Yes
50.0,Female,MARRIED,Diploma,,10232.0,,,719.0,,,,36.0,,B2,5.0,123598.0,,No,2.0,4.0,
17.0,Other,single,High School,291620.0,24181.67,Student,,867.0,222343.0,Business,,24.0,110.0,B2,7.0,,40914.0,no,3.0,5.0,
61.0,FEMALE,,Diploma,,7128.0,Unemployed,67.68,487.0,,Business,21.14,72.0,1871.0,E1,27.0,,,YES,2.0,2.0,
55.0,Female,Divorced,bachelor,135348.0,11279.0,,64.85,481.0,,Home,,84.0,,,8.0,146254.0,183570.0,no,1.0,3.0,0
,Other,Divorced,Diploma,,,Employed,26.1,870.0,,,13.27,72.0,,b2,,4348.0,,No,2.0,3.0,
,male,Single,,6871.0,,Employed,,,3872.0,Car,7.39,84.0,49.5,C3,15.0,,,No,0.0,2.0,Yes
17.0,FEMALE,Widowed,Bachelor,9961.0,830.08,Self-Employed,7.17,792.0,130864.0,Home,7.18,,,A3,,,14216.0,YES,1.0,0.0,No
22.0,FEMALE,single,Diploma,239868.0,19070.0,Unemployed,,856.0,7564.0,Personal,,72.0,2611.0,B3,22.0,98801.0,6014.0,YES,2.0,,Yes
,,Widowed,High School,55720.0,4643.33,Student,,201.0,,Personal,,36.0,3160.0,b2,,,,No,3.0,2.0,Yes
27.0,,Widowed,bachelor,,14457.0,Retired,111.4,623.0,119626.0,Car,,60.0,,F1,,204321.0,105716.0,no,0.0,,0
17.0,Other,Divorced,bachelor,,6084.0,,,682.0,158437.0,Education,,72.0,,Z9,,,,YES,0.0,2.0,No
,male,Widowed,bachelor,8744.0,1663.67,Retired,31.56,477.0,15125.0,Vacation,26.28,,,D2,,,,No,2.0,3.0,
78.0,male,,,271753.0,,,66.92,,,Medical,21.82,48.0,1767.0,G5,0.0,,,Yes,3.0,1.0,0
15.0,FEMALE,single,PhD,269574.0,22464.5,Student,,594.0,91517.0,Vacation,22.21,72.0,1553.37,F1,,,,,,0.0,0
,Other,,Bachelor,8012.0,,Self-Employed,13.85,259.0,177117.0,Home,8.67,36.0,5346.47,B2,10.0,98348.0,101011.0,no,2.0,3.0,No
15.0,male,,Master,149729.0,,Retired,50.3,,,Business,17.12,72.0,,C2,26.0,163501.0,94580.0,YES,0.0,3.0,
52.0,Female,single,,,,employed,16.72,,150466.0,Car,16.58,36.0,4872.59,B2,,,,,0.0,0.0,0
21.0,FEMALE,MARRIED,High School,299405.0,24619.42,Unemployed,,856.0,206024.0,,,24.0,,F1,,,,Yes,3.0,1.0,No
,Other,Married,,7416.0,,,80.63,218.0,96594.0,Business,17.51,24.0,5015.48,C3,6.0,,,no,0.0,,No
47.0,male,single,Bachelor,88192.0,,,93.93,623.0,227715.0,Personal,12.89,24.0,10482.14,C2,,145363.0,174896.0,YES,2.0,,
17.0,FEMALE,single,High School,238374.0,21037.5,,,,64828.0,Business,8.63,60.0,1173.71,A2,,,13873.0,YES,1.0,2.0,Yes
17.0,FEMALE,single,Master,47096.0,3549.67,Unemployed,7.22,233.0,,Home,10.11,36.0,,C1,22.0,,,YES,0.0,0.0,
17.0,male,Single,PhD,9740.0,,Self-Employed,,227.0,,Education,19.85,60.0,,E1,3.0,173195.0,205101.0,YES,2.0,5.0,0
,male,,,,,Employed,103.68,,,,18.42,12.0,,B3,29.0,141803.0,175661.0,no,1.0,,No
15.0,male,,bachelor,55967.0,3604.92,Employed,,,51523.0,Vacation,,36.0,,E1,,,,YES,1.0,,Yes
16.0,male,Single,Master,,2693.0,,108.26,,63539.0,Medical,,60.0,,C3,25.0,94949.0,75757.0,no,2.0,5.0,Yes
,,MARRIED,Bachelor,,4657.0,employed,,353.0,,Car,13.86,24.0,1932.0,B2,,104643.0,,YES,0.0,0.0,
32.0,male,Married,,260474.0,,Employed,24.79,,,Personal,16.12,48.0,4294.0,F1,12.0,,,no,0.0,5.0,0
16.0,male,Divorced,,7265.0,467.42,Student,58.13,,101220.0,Home,8.61,24.0,4580.63,Z9,3.0,46560.0,,YES,1.0,5.0,1
16.0,Female,single,,181275.0,14122.25,Self-Employed,,233.0,,Business,,24.0,,C2,11.0,161140.0,198738.0,Yes,0.0,5.0,Yes
57.0,male,Divorced,Master,261353.0,,employed,42.75,830.0,37009.0,Home,,84.0,,C1,12.0,188910.0,125388.0,,2.0,4.0,
79.0,Male,single,Bachelor,260359.0,21696.58,employed,85.93,218.0,66374.0,,,72.0,3331.0,A1,22.0,,,No,,4.0,
16.0,Other,Single,Master,,,Employed,,273.0,156484.0,Medical,15.7,,2791.0,E1,,,37535.0,YES,3.0,0.0,Yes
75.0,male,,Master,,,Student,14.2,540.0,142468.0,Business,,60.0,2241.0,B3,12.0,236352.0,,Yes,3.0,4.0,0
19.0,Other,MARRIED,Bachelor,7150.0,,employed,,270.0,52097.0,Education,,,,,,71041.0,,no,2.0,2.0,Yes
,Other,Single,bachelor,234029.0,18139.42,Student,48.89,,,Vacation,23.66,72.0,2399.0,C2,,,33239.0,YES,3.0,1.0,
77.0,Male,Married,High School,217314.0,18109.5,Unemployed,,229.0,9973.0,Home,,,2279.0,Z9,21.0,26613.0,,,3.0,2.0,Yes
15.0,FEMALE,Single,Diploma,187346.0,16789.17,Student,,875.0,242395.0,Personal,,84.0,,B3,,102682.0,50436.0,no,0.0,2.0,Yes
15.0,FEMALE,,Diploma,6784.0,1157.33,Unemployed,74.92,890.0,43534.0,Home,23.17,84.0,638.34,A2,11.0,3170.0,48439.0,no,0.0,1.0,Yes
17.0,male,Married,High School,,,Retired,77.74,,110352.0,Education,,,,A1,,165570.0,,No,2.0,5.0,0
79.0,Female,Single,High School,9075.0,1267.25,Retired,83.32,895.0,,Home,12.07,24.0,,E1,,25414.0,32429.0,Yes,0.0,1.0,Yes
23.0,FEMALE,Married,PhD,,13968.0,Student,15.42,,,Car,10.75,24.0,,E1,,,,YES,0.0,1.0,1
17.0,Other,Widowed,Master,,6272.0,Student,62.08,859.0,185107.0,Home,,72.0,,D1,19.0,,49796.0,Yes,2.0,4.0,No
80.0,,Married,Master,240342.0,20028.5,employed,54.45,,,Car,,60.0,802.0,A2,21.0,76588.0,124008.0,YES,0.0,,1
65.0,Female,Widowed,Bachelor,187095.0,15591.25,employed,26.69,787.0,,Vacation,8.02,36.0,463.0,C3,,,,YES,1.0,,1
,male,single,High School,9680.0,806.67,employed,,,212740.0,Home,20.59,24.0,10689.3,C2,26.0,167877.0,188896.0,No,0.0,0.0,0
15.0,FEMALE,single,,15600.0,549.0,Employed,,344.0,105964.0,Medical,9.41,48.0,2415.32,C1,16.0,,,Yes,0.0,3.0,
17.0,Female,,Bachelor,,4287.0,Unemployed,31.95,873.0,126111.0,Medical,15.89,36.0,4227.719999999999,C2,8.0,,,,3.0,,0
75.0,,,Diploma,8218.0,,Self-Employed,,217.0,,Vacation,18.89,84.0,,B2,5.0,247211.0,286884.0,no,,5.0,0
29.0,Female,single,High School,233904.0,,Unemployed,9.37,881.0,84472.0,Education,22.81,36.0,2854.67,F1,15.0,,,No,1.0,1.0,0
15.0,FEMALE,Divorced,Master,6823.0,568.58,Retired,,837.0,146420.0,Car,,72.0,,,14.0,58040.0,106230.0,No,,4.0,Yes
,FEMALE,,High School,204885.0,16873.75,Self-Employed,,877.0,174951.0,,,12.0,,A1,,,,No,3.0,0.0,
82.0,FEMALE,MARRIED,Diploma,,10888.0,Self-Employed,,870.0,,,13.53,84.0,4558.0,D1,5.0,7754.0,,No,0.0,4.0,
,Male,Married,Diploma,,,Employed,40.93,605.0,224706.0,Car,14.14,12.0,21633.29,G5,,,,,,5.0,No
83.0,male,Widowed,PhD,131364.0,9328.0,Self-Employed,43.27,881.0,196619.0,Vacation,,24.0,2448.0,D2,,,18984.0,no,2.0,1.0,No
,FEMALE,Married,High School,6473.0,1441.42,,16.07,883.0,26369.0,Home,5.06,48.0,577.15,B1,21.0,56346.0,,no,,0.0,1
,Female,,,5291.0,440.92,Unemployed,113.28,367.0,,Personal,,84.0,508.0,F1,,,,YES,1.0,4.0,0
16.0,Male,MARRIED,Master,20291.0,1690.92,Retired,80.41,900.0,218465.0,Education,,36.0,969.0,B1,,104884.0,,Yes,3.0,3.0,No
25.0,FEMALE,Single,Bachelor,,,Self-Employed,,864.0,69233.0,Personal,,48.0,,C3,27.0,157561.0,178476.0,no,1.0,1.0,0
,FEMALE,MARRIED,PhD,,,Employed,105.34,,14884.0,Car,,36.0,4933.0,,,166613.0,,YES,3.0,1.0,1
17.0,Female,,High School,204033.0,18232.75,Student,107.81,,60412.0,Vacation,6.04,72.0,889.73,G5,7.0,142388.0,,no,1.0,3.0,Yes
,,Single,PhD,283197.0,,Employed,95.78,635.0,,Car,,24.0,4901.0,C1,,44647.0,56192.0,Yes,1.0,5.0,1
,Female,MARRIED,Bachelor,9734.0,,Employed,25.31,886.0,,Car,,84.0,,D1,19.0,,34451.0,no,3.0,5.0,
,FEMALE,Single,Diploma,9465.0,788.75,,53.67,,245601.0,,,84.0,1313.0,G5,,116391.0,17600.0,YES,,,Yes
76.0,Male,Married,,,,,111.56,776.0,231526.0,Business,,12.0,360.0,Z9,,94390.0,,no,,2.0,No
21.0,male,Single,,,9903.0,Unemployed,97.46,796.0,192515.0,Medical,11.3,60.0,3571.15,C3,25.0,75886.0,62018.0,,2.0,0.0,0
73.0,,Married,,8029.0,,Student,,892.0,31958.0,Car,23.29,72.0,547.24,A2,23.0,21014.0,70346.0,YES,2.0,3.0,No
,Other,Divorced,Bachelor,,694.0,employed,99.26,298.0,,Business,11.92,24.0,4402.0,b2,,,43733.0,No,2.0,4.0,0
61.0,male,single,High School,119806.0,10790.83,,,248.0,,Car,11.16,12.0,,B3,20.0,,,Yes,3.0,2.0,Yes
17.0,FEMALE,Widowed,High School,79459.0,6621.58,Self-Employed,,896.0,201867.0,Car,,60.0,1507.0,A2,,11096.0,9999.0,,3.0,0.0,Yes
27.0,,single,bachelor,8198.0,1550.17,employed,94.03,,,Home,,,3622.0,A3,24.0,112631.0,70795.0,Yes,3.0,,
59.0,,Single,bachelor,,2249.0,Retired,89.98,316.0,,Personal,14.79,36.0,,A2,12.0,,16629.0,no,3.0,5.0,No
82.0,male,Single,bachelor,5302.0,,employed,,,,Personal,5.58,12.0,,F1,,42283.0,29896.0,no,,1.0,
74.0,Female,Single,Master,195827.0,14896.92,Employed,5.35,,,Education,8.38,12.0,,C1,26.0,,41136.0,no,3.0,3.0,1
29.0,Female,Widowed,bachelor,,,,41.26,,178958.0,,14.34,48.0,4504.93,B3,5.0,201124.0,,Yes,2.0,2.0,1
,,Married,,23355.0,,,54.41,229.0,24053.0,Vacation,15.9,24.0,1161.56,C1,12.0,,38995.0,Yes,3.0,4.0,Yes
85.0,Other,Married,High School,9992.0,418.67,employed,85.09,237.0,,Education,,60.0,1706.0,C2,,,,YES,1.0,4.0,Yes
,male,Widowed,Master,,,employed,109.28,807.0,,Vacation,,12.0,378.0,C1,21.0,,3203.0,No,0.0,0.0,Yes
,Other,Widowed,bachelor,,,Unemployed,,856.0,93161.0,Home,,,,b2,11.0,,,Yes,3.0,2.0,Yes
16.0,male,single,Master,57945.0,,Unemployed,82.37,797.0,136283.0,,10.11,,,D1,25.0,100719.0,123834.0,Yes,1.0,3.0,0
15.0,,single,,201597.0,,Employed,21.03,,20392.0,Personal,25.06,60.0,425.04,D2,,91443.0,114164.0,no,,3.0,Yes
15.0,Male,Single,Bachelor,,6593.0,Retired,11.96,510.0,138887.0,Personal,11.18,36.0,4289.29,E1,21.0,39387.0,10058.0,no,1.0,4.0,
,FEMALE,Single,,240037.0,20003.08,Student,,,,Business,,,,,17.0,,29973.0,Yes,,5.0,1
15.0,Male,Divorced,Bachelor,,,Unemployed,,,68081.0,Vacation,16.03,72.0,1097.14,,,231910.0,257214.0,YES,3.0,1.0,No
72.0,Other,,Master,293709.0,,Employed,,,50253.0,Business,,84.0,1482.0,A1,18.0,95093.0,107283.0,,3.0,0.0,
73.0,Other,Married,PhD,280234.0,23352.83,Employed,,438.0,,Medical,,60.0,,E1,26.0,,,Yes,2.0,2.0,No
85.0,male,Divorced,Bachelor,176634.0,14719.5,employed,31.67,227.0,184570.0,Business,,60.0,,b2,22.0,196028.0,37674.0,Yes,0.0,,1
16.0,Male,Widowed,,,10291.0,employed,64.66,741.0,23571.0,Home,21.99,48.0,444.05,b2,1.0,149698.0,32858.0,,0.0,0.0,
60.0,male,,High School,6682.0,,Employed,,863.0,47076.0,Education,,72.0,,A1,3.0,,,no,3.0,2.0,No
29.0,Male,Divorced,Master,,,Employed,,287.0,129582.0,Vacation,7.4,36.0,3865.86,D1,13.0,212371.0,146048.0,YES,2.0,1.0,0
61.0,Female,MARRIED,Master,115905.0,9658.75,,,,,Personal,18.38,36.0,580.0,Z9,,28094.0,19495.0,,1.0,,Yes
,Male,MARRIED,High School,6890.0,574.17,,106.05,,97704.0,,16.21,36.0,3153.94,b2,24.0,91024.0,,no,,0.0,0
,Male,,,,7750.0,Student,,260.0,5716.0,Home,,36.0,4076.0,F1,,,26498.0,YES,,5.0,
67.0,Female,single,Bachelor,9837.0,2247.75,Retired,101.28,417.0,,Personal,12.52,84.0,2877.0,A2,26.0,55992.0,43335.0,no,,3.0,
19.0,,single,bachelor,,,employed,9.14,854.0,,Vacation,,,4168.0,C2,,200587.0,95245.0,Yes,,2.0,
,Male,single,,123963.0,10998.25,Retired,52.45,,178620.0,Home,,48.0,3444.0,b2,21.0,,,No,1.0,1.0,
45.0,,,Master,,4873.0,Student,40.58,852.0,142097.0,Medical,20.64,84.0,1893.78,B3,27.0,27154.0,47505.0,Yes,0.0,,0
38.0,Other,MARRIED,PhD,118694.0,,,26.45,733.0,19423.0,Education,17.92,60.0,381.73,C1,23.0,,9013.0,,,0.0,Yes
52.0,Other,,Master,,,Unemployed,,,137988.0,Vacation,,60.0,,A1,30.0,,,,0.0,,1
,Other,Widowed,PhD,,,,104.27,297.0,120997.0,,,72.0,,B2,0.0,,,,2.0,4.0,0
73.0,Female,Single,High School,283894.0,23506.83,Retired,40.59,225.0,134999.0,Home,,60.0,,F1,25.0,56328.0,,No,0.0,2.0,1
,,MARRIED,Diploma,9048.0,754.0,Employed,,,169784.0,Car,,36.0,,A1,18.0,148255.0,49640.0,YES,1.0,5.0,Yes
17.0,male,Single,PhD,31151.0,808.92,Self-Employed,90.22,856.0,223453.0,Vacation,27.92,12.0,23910.09,B2,17.0,248127.0,175967.0,Yes,1.0,3.0,
16.0,Female,single,Master,247761.0,20646.75,Student,113.71,,42358.0,,,12.0,,Z9,,9152.0,39970.0,No,0.0,2.0,0
84.0,Male,Divorced,,287817.0,,,11.71,631.0,,,27.95,36.0,,Z9,26.0,220697.0,226877.0,no,0.0,2.0,0
16.0,Female,Widowed,bachelor,161201.0,,Student,,,38087.0,Vacation,,24.0,3317.0,D1,,151468.0,23380.0,Yes,2.0,4.0,1
,Female,Widowed,PhD,,1978.0,,65.04,881.0,148853.0,Education,19.32,12.0,14800.95,B2,9.0,62755.0,,no,3.0,2.0,No
21.0,,single,Bachelor,,,Unemployed,,867.0,249024.0,Education,12.85,12.0,23591.63,C1,,25534.0,12876.0,no,2.0,,0
45.0,Female,Single,bachelor,5955.0,1182.25,Employed,43.28,261.0,,Business,,60.0,3005.0,G5,17.0,107465.0,16395.0,YES,1.0,3.0,Yes
72.0,,single,PhD,128723.0,12247.92,Retired,45.21,,77706.0,Business,,12.0,,A2,,,29297.0,,,0.0,
59.0,Female,Divorced,,,,,,260.0,150385.0,Medical,12.58,48.0,3527.15,A3,15.0,,47871.0,No,1.0,4.0,Yes
,,Divorced,Bachelor,91600.0,5707.33,employed,,573.0,,Home,8.23,24.0,2816.0,,14.0,16938.0,3954.0,Yes,,4.0,0
70.0,,MARRIED,bachelor,5967.0,2228.25,Employed,108.55,593.0,,Medical,,24.0,1313.0,E1,,45857.0,59088.0,No,1.0,,No
83.0,Male,single,,,14465.0,Self-Employed,,,4901.0,Medical,22.6,24.0,250.36,D2,16.0,54645.0,58673.0,no,,1.0,Yes
,Female,Single,High School,8313.0,2300.75,employed,75.52,732.0,,Personal,12.36,60.0,,C3,11.0,192324.0,,Yes,3.0,2.0,No
16.0,FEMALE,Widowed,bachelor,9764.0,247.67,Student,9.51,787.0,,Personal,13.38,24.0,,b2,,222047.0,119094.0,no,3.0,,
,Female,,Bachelor,,,Employed,38.09,678.0,19919.0,Education,,36.0,,B1,20.0,147872.0,,,2.0,3.0,0
,,Widowed,bachelor,296531.0,24710.92,,50.85,,97948.0,,,24.0,416.0,B2,,195113.0,224759.0,no,3.0,3.0,1
43.0,male,,Diploma,128155.0,10679.58,employed,31.17,852.0,,Business,,24.0,,C2,,,,no,2.0,3.0,No
15.0,FEMALE,Married,High School,126561.0,,Retired,,359.0,200142.0,Personal,6.64,36.0,5815.65,B2,30.0,35496.0,55602.0,,3.0,,0
74.0,FEMALE,Single,Diploma,,2385.0,employed,107.11,257.0,183450.0,Education,17.5,,286.0,E1,5.0,85039.0,,no,3.0,4.0,Yes
16.0,Male,MARRIED,Diploma,,4977.0,,76.77,883.0,199655.0,Personal,24.3,60.0,4382.19,C3,14.0,129167.0,,,2.0,1.0,Yes
76.0,male,Single,bachelor,12536.0,1044.67,employed,100.33,,145492.0,Education,,84.0,,A1,23.0,,,No,3.0,0.0,1
16.0,Female,MARRIED,,286992.0,,Student,,221.0,161410.0,Education,27.23,60.0,3422.7,A3,4.0,,,No,2.0,4.0,1
82.0,,Divorced,PhD,260539.0,,employed,7.39,,100513.0,Personal,19.56,72.0,1669.07,A1,19.0,55330.0,89296.0,Yes,,,0
,Other,,bachelor,7047.0,-64.75,Self-Employed,,,9237.0,Car,15.78,72.0,148.54,A3,1.0,134135.0,62484.0,YES,2.0,,0
,,Widowed,Master,,,employed,28.55,647.0,,,,84.0,835.0,b2,10.0,,,Yes,0.0,0.0,No
72.0,male,,bachelor,263541.0,21416.75,Self-Employed,78.52,247.0,64097.0,Home,10.21,12.0,6184.78,C2,22.0,,24445.0,No,1.0,5.0,1
72.0,FEMALE,Married,,258613.0,,Self-Employed,72.79,294.0,,Vacation,,36.0,908.0,B3,0.0,116832.0,65002.0,Yes,2.0,0.0,No
,Male,MARRIED,,299631.0,24969.25,Self-Employed,25.84,,151859.0,Business,,36.0,,E1,11.0,25401.0,5769.0,no,,3.0,0
73.0,male,,Master,229571.0,,Self-Employed,,,57300.0,Personal,22.43,60.0,1169.21,Z9,18.0,44949.0,41252.0,,,5.0,Yes
16.0,Male,Divorced,Master,164354.0,13696.17,Retired,95.04,,27607.0,,,84.0,,,22.0,169035.0,144323.0,YES,2.0,2.0,Yes
73.0,Female,single,Bachelor,81631.0,,Unemployed,,224.0,,Medical,,48.0,,A1,20.0,11351.0,24478.0,YES,3.0,,No
,Female,Widowed,Master,,,employed,,431.0,155018.0,,,,,E1,19.0,43035.0,88775.0,YES,3.0,,No
37.0,FEMALE,Divorced,High School,5263.0,2340.58,Self-Employed,10.74,203.0,202469.0,Car,,24.0,4428.0,F1,9.0,26685.0,64008.0,,,0.0,Yes
21.0,,Married,PhD,,,Retired,,769.0,,Education,14.33,84.0,,,29.0,146959.0,,no,1.0,4.0,
,,Widowed,,133292.0,,Self-Employed,,861.0,,Medical,,84.0,1484.0,A3,30.0,,49053.0,YES,,0.0,
15.0,Male,single,Diploma,201606.0,,Unemployed,87.85,210.0,6850.0,,,84.0,2865.0,B2,29.0,145481.0,146184.0,No,1.0,,0
15.0,,single,High School,,,employed,,895.0,,,,72.0,,A2,16.0,,,No,1.0,2.0,1
,Female,,Diploma,5119.0,,Retired,26.73,873.0,9280.0,Education,23.23,36.0,541.6600000000001,A1,26.0,226906.0,,Yes,3.0,1.0,Yes
17.0,FEMALE,MARRIED,,175554.0,14629.5,Self-Employed,,625.0,,Personal,16.24,36.0,,A1,,,46633.0,No,,4.0,0
32.0,FEMALE,,Master,,,,68.06,877.0,82233.0,Home,,60.0,,C2,10.0,,,No,,0.0,1
81.0,Female,Married,PhD,248351.0,19446.92,Employed,28.44,231.0,83546.0,Business,24.94,48.0,2018.63,D1,25.0,28767.0,,No,2.0,,Yes
,Other,Widowed,Bachelor,,8778.0,Student,88.85,291.0,21431.0,Education,,24.0,,C1,,74463.0,99396.0,,3.0,3.0,Yes
,,Widowed,,140332.0,11694.33,Self-Employed,62.07,289.0,,Medical,,60.0,2905.0,,4.0,210242.0,,no,,5.0,1
,FEMALE,,bachelor,116245.0,9687.08,employed,,876.0,143470.0,Home,,84.0,4851.0,B3,15.0,,,Yes,3.0,4.0,Yes
,Other,MARRIED,Master,6445.0,537.08,Student,,470.0,26954.0,Vacation,16.31,,,B1,17.0,26331.0,24573.0,Yes,,1.0,Yes
49.0,male,Widowed,Bachelor,28005.0,,Unemployed,80.58,,6486.0,Vacation,16.77,84.0,90.16,A2,29.0,154844.0,204448.0,Yes,0.0,3.0,Yes
64.0,Male,MARRIED,,293903.0,,Unemployed,74.01,709.0,165153.0,Personal,,84.0,,G5,,245508.0,287043.0,Yes,3.0,2.0,No
30.0,FEMALE,Single,Diploma,45518.0,,Unemployed,54.65,563.0,72925.0,Education,25.57,,,Z9,,33897.0,40809.0,,1.0,4.0,No
,Female,MARRIED,Bachelor,,,Student,36.73,,30301.0,Personal,11.34,24.0,1405.71,E1,,79620.0,117161.0,no,,1.0,0
,FEMALE,,Master,286975.0,23914.58,,,207.0,66514.0,Business,18.63,12.0,6575.46,C2,1.0,,9091.0,YES,3.0,2.0,1
16.0,,single,Diploma,,,Retired,101.76,226.0,174198.0,Home,20.86,84.0,2537.38,E1,3.0,,4547.0,YES,3.0,5.0,1
,FEMALE,MARRIED,,195381.0,16711.75,,,,20473.0,Personal,5.3,84.0,256.64,A1,3.0,92175.0,141012.0,Yes,3.0,5.0,No
,male,MARRIED,PhD,5774.0,53.17,employed,,296.0,213681.0,Car,17.93,72.0,3749.92,B3,,,2294.0,YES,2.0,0.0,0
80.0,Other,single,PhD,35021.0,2918.42,Student,89.43,245.0,178271.0,Car,27.21,84.0,2699.74,A2,7.0,88266.0,,No,2.0,,1
80.0,Female,,Diploma,7941.0,,Employed,,291.0,,Vacation,,36.0,3327.0,B2,28.0,243830.0,,YES,0.0,4.0,1
22.0,male,single,Bachelor,188646.0,15720.5,Retired,,887.0,187430.0,Medical,7.94,60.0,3457.87,B1,18.0,31127.0,25648.0,YES,1.0,2.0,No
,FEMALE,Widowed,Diploma,167270.0,,Student,,235.0,,Medical,,60.0,483.0,A3,22.0,94733.0,134624.0,Yes,0.0,0.0,1
23.0,FEMALE,,,,,Unemployed,,277.0,,Business,,24.0,,B3,2.0,,1477.0,no,2.0,0.0,Yes
15.0,,,bachelor,7768.0,,Student,60.35,636.0,176039.0,Home,,48.0,68.0,E1,22.0,240987.0,168551.0,Yes,0.0,3.0,Yes
72.0,,single,bachelor,,,Student,81.22,245.0,87066.0,Car,,60.0,3035.0,C1,9.0,,,YES,3.0,5.0,
73.0,male,Single,bachelor,,8512.0,,100.7,739.0,133407.0,Vacation,,84.0,,Z9,20.0,16139.0,26332.0,Yes,3.0,1.0,No
82.0,Female,Single,Diploma,77396.0,7988.67,Student,7.11,202.0,,Car,23.78,,,A2,,,,,1.0,1.0,
,Other,,High School,194426.0,15691.17,Student,116.9,642.0,47009.0,Home,12.02,36.0,1215.76,B2,,217617.0,236315.0,,,4.0,No
17.0,Other,single,Master,67058.0,5588.17,employed,16.11,877.0,18102.0,Personal,18.28,48.0,446.06,E1,,,41567.0,Yes,3.0,0.0,Yes
44.0,,,Bachelor,9908.0,825.67,Self-Employed,15.12,880.0,,Medical,,,,C2,27.0,,26175.0,no,0.0,1.0,1
15.0,male,Divorced,,295816.0,24651.33,Self-Employed,96.69,851.0,,Business,27.53,24.0,61.0,C3,5.0,199320.0,,no,,0.0,Yes
75.0,Female,,Master,222502.0,,,76.92,222.0,83549.0,Car,,72.0,1265.0,B2,2.0,14280.0,7526.0,YES,3.0,0.0,No
26.0,FEMALE,MARRIED,Bachelor,111057.0,9254.75,employed,72.14,870.0,85473.0,,10.34,60.0,1284.85,B2,,105861.0,,,,0.0,0
15.0,,Married,High School,,,Self-Employed,117.35,378.0,30401.0,Personal,14.54,72.0,483.63,A3,1.0,,,No,3.0,4.0,
,,single,bachelor,261889.0,21824.08,employed,58.7,293.0,,Car,,24.0,,D2,18.0,103945.0,113629.0,,2.0,3.0,Yes
16.0,Female,Divorced,High School,,9500.0,Self-Employed,,785.0,239925.0,Personal,17.01,84.0,3473.1,E1,20.0,,,No,,3.0,1
31.0,Female,Single,Diploma,5960.0,,Employed,109.86,,211335.0,Education,5.77,24.0,9313.71,b2,23.0,79847.0,89473.0,,3.0,,0
36.0,male,Widowed,Diploma,9949.0,829.08,,16.65,701.0,203912.0,,,60.0,4736.0,Z9,,149795.0,41104.0,YES,3.0,1.0,0
,FEMALE,Single,Diploma,63047.0,3571.92,Unemployed,9.68,854.0,80061.0,Car,10.13,24.0,3384.8,D1,21.0,239235.0,49215.0,YES,,1.0,
17.0,Male,single,Diploma,,,Self-Employed,,884.0,66821.0,,,,,B2,20.0,40026.0,,no,3.0,0.0,Yes
33.0,male,Divorced,Bachelor,,,Employed,102.64,,,Education,24.89,,820.0,B1,16.0,142246.0,146713.0,,3.0,3.0,No
16.0,Male,Divorced,Master,146343.0,12989.25,Self-Employed,36.36,697.0,217989.0,Personal,25.12,12.0,22728.99,,,,,YES,0.0,0.0,1
,Female,Divorced,PhD,64290.0,4656.5,Employed,59.33,255.0,80215.0,Home,,24.0,2330.0,C1,,7017.0,,YES,2.0,2.0,1
15.0,,Widowed,Master,,14775.0,Retired,,,,Home,25.49,12.0,807.0,C1,,246271.0,259286.0,no,,1.0,
17.0,Female,single,Diploma,,2916.0,Student,,227.0,,Business,14.05,,1079.0,A1,29.0,,,Yes,2.0,2.0,No
,,Divorced,bachelor,233791.0,,,86.25,401.0,237146.0,Home,7.16,,3559.0,G5,,,11659.0,no,,0.0,Yes
15.0,Other,Divorced,,,9537.0,Unemployed,114.16,547.0,151265.0,Home,,,3432.0,A1,28.0,243158.0,,no,,2.0,
80.0,Female,,High School,,,,,861.0,76740.0,Business,,36.0,3352.0,A3,16.0,140768.0,,Yes,,1.0,0
57.0,Male,Divorced,High School,8132.0,,Self-Employed,,405.0,83772.0,Car,10.13,60.0,1488.64,B2,9.0,222240.0,,Yes,0.0,3.0,
,male,MARRIED,High School,,,Employed,119.62,884.0,210077.0,Car,,36.0,1522.0,C1,0.0,3329.0,,no,,,1
31.0,,,Master,5241.0,436.75,Self-Employed,,857.0,133183.0,Education,10.93,24.0,6155.83,C1,22.0,205450.0,254287.0,YES,,5.0,
70.0,,Single,High School,8137.0,1001.08,Self-Employed,49.5,231.0,116848.0,Personal,8.43,60.0,2111.64,E1,28.0,,35766.0,Yes,0.0,2.0,0
,FEMALE,MARRIED,Master,7634.0,636.17,Unemployed,49.74,853.0,,Vacation,9.49,24.0,4645.0,B1,3.0,,5903.0,no,2.0,4.0,Yes
15.0,Other,Widowed,High School,,,Retired,47.6,,,,26.07,72.0,,B1,11.0,132468.0,150469.0,Yes,1.0,0.0,0
,,Divorced,,6394.0,1497.83,Self-Employed,55.87,,,,,12.0,,B1,25.0,129836.0,,YES,2.0,2.0,Yes
16.0,Male,Divorced,Diploma,7891.0,,employed,91.66,290.0,,Car,,12.0,,B2,30.0,148330.0,160645.0,YES,3.0,,No
74.0,,Divorced,Bachelor,7276.0,1416.33,Employed,65.04,,76660.0,Personal,15.33,24.0,3854.83,A2,20.0,26514.0,,Yes,0.0,5.0,Yes
85.0,male,Single,Bachelor,6551.0,978.92,Self-Employed,101.97,250.0,,Medical,14.69,48.0,,Z9,6.0,17097.0,8722.0,,2.0,5.0,No
36.0,Male,Married,Bachelor,,12609.0,Employed,14.39,660.0,91169.0,,11.91,36.0,3000.09,C2,15.0,20590.0,48634.0,Yes,,5.0,
79.0,male,MARRIED,,193107.0,,employed,110.62,415.0,218651.0,Education,,,2126.0,G5,7.0,121778.0,168318.0,,3.0,0.0,1
,Other,Married,High School,106219.0,7644.58,Retired,,880.0,128294.0,Medical,,36.0,2223.0,B1,,163411.0,190758.0,No,3.0,5.0,1
75.0,Other,Married,Bachelor,91598.0,8908.17,Unemployed,,896.0,3043.0,Education,9.61,12.0,277.95,C1,13.0,176404.0,173081.0,,1.0,0.0,Yes
,Other,Single,Bachelor,122772.0,11888.0,Retired,55.99,255.0,40586.0,,,36.0,1684.0,D2,23.0,,14075.0,YES,3.0,3.0,Yes
47.0,Male,Single,High School,5724.0,996.0,Unemployed,98.99,,234272.0,Personal,,12.0,,A2,,54814.0,88762.0,no,0.0,5.0,1
,Female,Single,Master,6831.0,,Employed,50.8,,101692.0,Education,19.16,24.0,4905.01,C2,,81140.0,68134.0,YES,,0.0,Yes
81.0,Female,Single,Bachelor,6971.0,530.92,Student,,,,Home,,72.0,2304.0,E1,,52570.0,79891.0,YES,2.0,0.0,1
79.0,Male,MARRIED,,103444.0,,Student,,896.0,,Education,,,1197.0,D2,,,20852.0,YES,0.0,0.0,0
64.0,Male,Single,bachelor,,,,,330.0,97029.0,,25.65,84.0,1451.39,F1,,57057.0,97158.0,no,1.0,1.0,
17.0,male,MARRIED,High School,6648.0,,Unemployed,,263.0,,,5.07,48.0,,b2,,120687.0,,no,1.0,,0
,Other,Single,PhD,9662.0,,Retired,,812.0,40089.0,Car,16.22,72.0,643.1,Z9,8.0,152950.0,93822.0,Yes,2.0,3.0,
76.0,male,Widowed,Diploma,287055.0,,Unemployed,66.24,892.0,161766.0,Vacation,6.21,72.0,2386.27,Z9,9.0,,,Yes,0.0,0.0,1
52.0,,Single,Diploma,,13044.0,Self-Employed,60.6,849.0,132831.0,Business,20.98,24.0,6695.79,A2,2.0,200695.0,213385.0,YES,1.0,2.0,0
76.0,FEMALE,Married,PhD,,,Unemployed,22.54,,87060.0,Medical,10.38,,,A3,6.0,213472.0,249608.0,no,1.0,2.0,No
72.0,,Widowed,High School,,11148.0,employed,26.04,,105581.0,Home,,60.0,4868.0,D1,24.0,41375.0,,Yes,,,
83.0,Female,Single,Bachelor,,14684.0,employed,42.54,,96581.0,Home,,,3522.0,C3,,245870.0,122508.0,,,0.0,0
17.0,Other,Single,Master,,782.0,Self-Employed,107.2,216.0,2162.0,Education,,48.0,,A2,,77965.0,,Yes,1.0,5.0,No
46.0,Female,Divorced,PhD,187971.0,17658.25,Unemployed,50.6,736.0,,Personal,21.38,72.0,,E1,,68445.0,66982.0,,3.0,2.0,No
19.0,Male,Single,Diploma,88250.0,,Retired,,728.0,,Home,,48.0,,Z9,21.0,88122.0,,No,,2.0,1
74.0,Female,,Diploma,131490.0,10957.5,employed,,867.0,207460.0,Personal,6.37,72.0,3064.93,D2,17.0,150193.0,,YES,,1.0,No
81.0,,Divorced,Diploma,131031.0,10633.25,Student,74.49,421.0,,Home,6.87,84.0,,A3,23.0,,35688.0,YES,3.0,2.0,Yes
73.0,Female,Divorced,Master,9172.0,764.33,Unemployed,,869.0,,Vacation,,72.0,,D2,5.0,,,No,3.0,4.0,
17.0,FEMALE,Divorced,Diploma,7845.0,-861.25,Employed,16.38,276.0,227569.0,Home,9.76,60.0,4163.0,Z9,0.0,,,,,3.0,Yes
16.0,Female,,Bachelor,,8581.0,Unemployed,,895.0,135867.0,Home,21.69,72.0,2296.34,G5,,99553.0,104425.0,no,2.0,1.0,No
60.0,Male,Widowed,High School,5065.0,823.08,Student,35.68,895.0,151296.0,Vacation,,36.0,4119.0,C2,,,,No,2.0,,1
,Other,single,High School,258361.0,21755.08,Unemployed,102.29,276.0,39720.0,Home,,84.0,3713.0,D1,8.0,206825.0,218372.0,YES,0.0,4.0,
,Male,,PhD,,,Unemployed,,856.0,,Personal,9.65,60.0,3717.0,A3,1.0,31007.0,,,,1.0,1
77.0,Other,Single,Diploma,299362.0,24303.83,,74.84,,,Education,10.34,12.0,,C3,2.0,172159.0,182444.0,no,3.0,0.0,0
84.0,,Divorced,Master,,3683.0,Employed,84.38,236.0,,Vacation,,60.0,,A1,27.0,,38761.0,,,5.0,0
46.0,Female,Widowed,PhD,238601.0,,employed,,,181425.0,Medical,7.88,24.0,8155.05,G5,27.0,233355.0,155558.0,No,0.0,2.0,No
15.0,Female,,,,9438.0,Employed,14.14,254.0,161798.0,,,24.0,910.0,B2,13.0,130159.0,16683.0,,0.0,3.0,
17.0,FEMALE,MARRIED,Diploma,260623.0,,Self-Employed,33.84,253.0,137098.0,,16.8,72.0,2224.03,A3,,181881.0,,No,1.0,5.0,0
52.0,Other,,PhD,8839.0,-990.42,,41.27,864.0,84406.0,Education,12.61,48.0,2116.2,C3,,215594.0,256521.0,no,3.0,2.0,No
17.0,,single,Master,8878.0,739.83,Unemployed,21.64,,,,7.94,,52.0,E1,,12195.0,45730.0,,,0.0,No
17.0,Female,,PhD,,8529.0,Self-Employed,,879.0,,Business,,36.0,257.0,A1,9.0,,23674.0,,2.0,4.0,0
15.0,Male,Divorced,High School,185757.0,,Retired,,,8500.0,Car,,,,A2,,,,Yes,2.0,0.0,No
35.0,Male,Married,Master,7592.0,,Employed,,719.0,,Medical,,84.0,,C3,17.0,,10667.0,YES,,,0
54.0,Female,single,bachelor,42477.0,2299.75,,,222.0,78483.0,Personal,23.04,72.0,1341.19,G5,7.0,116976.0,,,1.0,1.0,
16.0,Other,single,bachelor,226551.0,,,,898.0,,Car,20.65,12.0,4844.0,b2,6.0,,14805.0,YES,2.0,0.0,0
81.0,Other,Married,Master,241243.0,,Retired,,,108874.0,Vacation,,12.0,1350.0,Z9,,163872.0,176134.0,,,2.0,Yes
61.0,Male,Single,Bachelor,,7477.0,employed,108.09,705.0,,Education,5.17,60.0,,C1,20.0,76447.0,119924.0,Yes,1.0,1.0,1
72.0,,Married,Bachelor,290844.0,22257.0,employed,83.99,,21883.0,Vacation,,48.0,3919.0,A3,,,,no,0.0,1.0,No
15.0,FEMALE,Married,Master,106969.0,,Self-Employed,83.21,233.0,99524.0,Education,19.67,,,F1,3.0,159576.0,181831.0,,0.0,5.0,Yes
83.0,male,MARRIED,bachelor,,11744.0,Student,,643.0,,Education,,84.0,496.0,G5,,,,Yes,1.0,0.0,
80.0,Other,Divorced,Master,146976.0,12151.0,Employed,29.57,414.0,131864.0,Vacation,15.32,72.0,2157.02,C2,,90473.0,71139.0,Yes,1.0,5.0,1
16.0,,,,8752.0,,Employed,98.2,251.0,249178.0,Medical,,72.0,,A3,13.0,,,no,2.0,2.0,No
50.0,Male,MARRIED,Master,9696.0,1923.0,,,212.0,148684.0,Home,16.29,84.0,2058.39,D2,,157345.0,1324.0,,,,Yes
17.0,male,Single,,153939.0,12232.25,Student,35.87,870.0,190798.0,Personal,,48.0,,,14.0,171127.0,,no,,1.0,No
,Female,MARRIED,bachelor,,4345.0,,93.0,889.0,134524.0,Personal,18.77,24.0,6657.26,E1,,,,,,4.0,No
,,Married,,,,Employed,,,53435.0,Home,,,,D2,,,28400.0,YES,0.0,2.0,0
,,Widowed,Diploma,9188.0,765.67,,38.18,772.0,,Personal,25.05,,1686.0,B3,,19386.0,,Yes,0.0,5.0,0
,,single,PhD,,,,40.73,406.0,,Education,,12.0,2449.0,E1,26.0,,3615.0,No,1.0,,Yes
15.0,Male,Married,Bachelor,,,Retired,,891.0,189770.0,,,,2162.0,,,79912.0,114107.0,No,1.0,4.0,
75.0,male,Divorced,Master,256446.0,,employed,,,168006.0,Home,,,1445.0,A3,19.0,,33839.0,No,1.0,1.0,
56.0,FEMALE,,bachelor,,,Employed,,866.0,98813.0,Education,,12.0,,C2,,45190.0,,YES,1.0,0.0,No
35.0,,Single,Master,5521.0,600.08,Employed,,882.0,8977.0,Home,,,,G5,27.0,,,No,,,No
15.0,FEMALE,Widowed,High School,,,employed,89.25,260.0,232984.0,Education,,60.0,,A3,26.0,,37783.0,Yes,3.0,2.0,No
70.0,male,single,Diploma,220266.0,,Unemployed,,897.0,,Business,11.55,36.0,,C3,30.0,220454.0,205995.0,,1.0,2.0,
17.0,FEMALE,single,Bachelor,,12995.0,Unemployed,61.42,241.0,1743.0,Business,,36.0,3792.0,b2,29.0,,,Yes,0.0,1.0,1
,FEMALE,Single,Bachelor,,4593.0,employed,45.28,606.0,80522.0,,,60.0,4456.0,C2,,241059.0,29106.0,,,4.0,
62.0,Male,single,Master,,,Student,26.8,883.0,184219.0,Home,,72.0,1680.0,G5,24.0,,,no,3.0,2.0,No
39.0,Male,Married,,160191.0,13349.25,Retired,,876.0,,Home,26.18,24.0,3580.0,F1,0.0,,10974.0,,3.0,1.0,
17.0,Male,Divorced,bachelor,8749.0,,Unemployed,56.07,878.0,47484.0,Business,22.67,60.0,696.81,C1,11.0,71916.0,107310.0,YES,0.0,,Yes
78.0,male,Divorced,,,,Unemployed,27.83,881.0,,Car,23.64,36.0,,,16.0,23349.0,,YES,3.0,,0
40.0,male,Married,Diploma,125809.0,,,,893.0,52076.0,Personal,,72.0,,G5,5.0,113072.0,74000.0,No,,1.0,1
85.0,,MARRIED,PhD,206749.0,,,33.89,,,Car,12.05,72.0,283.0,B1,23.0,6485.0,,no,3.0,1.0,No
15.0,Female,single,High School,297906.0,23350.5,,,865.0,241555.0,Education,26.99,,,D1,27.0,,,no,,4.0,No
15.0,Male,,Master,8070.0,,Student,,,,Medical,5.63,36.0,,,27.0,85182.0,111184.0,no,2.0,2.0,1
,,Widowed,PhD,280044.0,21595.0,Employed,58.15,265.0,,Business,7.47,,,A1,,213415.0,236196.0,,,4.0,1
54.0,Female,Divorced,High School,7970.0,,Student,114.06,259.0,22856.0,Medical,6.85,48.0,508.78,A1,,100448.0,140403.0,no,2.0,1.0,No
,FEMALE,single,PhD,6177.0,514.75,,,582.0,,Car,14.35,48.0,,b2,9.0,246270.0,36815.0,no,3.0,1.0,Yes
,Female,,High School,295374.0,26198.5,Employed,,,200009.0,Vacation,,84.0,,G5,1.0,,32935.0,,2.0,2.0,No
17.0,male,Single,PhD,105496.0,9711.33,employed,,215.0,32816.0,Personal,,24.0,4046.0,G5,,,,Yes,2.0,5.0,Yes
47.0,Other,Married,Bachelor,116514.0,,Student,,298.0,,Personal,26.73,60.0,,F1,11.0,179851.0,224612.0,YES,0.0,2.0,
79.0,Female,Divorced,High School,94977.0,8533.75,Employed,,296.0,,Vacation,,48.0,2218.0,A3,6.0,164172.0,94755.0,no,3.0,,
16.0,,Married,bachelor,116007.0,,,59.08,282.0,39523.0,Home,12.11,,,D1,,,,YES,3.0,3.0,No
,Male,single,Diploma,,10776.0,Unemployed,52.3,,,Personal,,60.0,3583.0,B1,27.0,49777.0,85190.0,no,1.0,3.0,
,FEMALE,Divorced,PhD,,,Unemployed,,255.0,246790.0,Vacation,17.64,72.0,4032.27,C1,,94577.0,89392.0,,2.0,1.0,No
,male,MARRIED,bachelor,269303.0,22441.92,Self-Employed,61.77,422.0,,Vacation,22.23,24.0,571.0,F1,,,,YES,1.0,,
16.0,male,Single,PhD,295221.0,24601.75,Employed,42.55,851.0,168290.0,Vacation,,24.0,2832.0,D1,,,,no,2.0,,0
,male,MARRIED,High School,208623.0,,employed,56.38,287.0,,Car,,36.0,,Z9,6.0,227348.0,7953.0,no,2.0,3.0,No
42.0,male,Single,,5536.0,461.33,,,266.0,32385.0,Medical,23.16,72.0,744.96,D2,4.0,,,,3.0,3.0,Yes
42.0,FEMALE,Divorced,,,10488.0,Employed,62.83,694.0,230447.0,Vacation,22.61,12.0,23336.92,b2,24.0,,,Yes,1.0,0.0,Yes
15.0,Female,Divorced,bachelor,6667.0,,Student,7.46,894.0,81349.0,Business,26.17,24.0,4276.58,C3,13.0,2621.0,14224.0,YES,3.0,3.0,
16.0,Other,single,,,1184.0,,92.18,567.0,17893.0,Vacation,19.48,36.0,593.85,C1,24.0,66033.0,,No,1.0,4.0,0
48.0,FEMALE,Divorced,High School,,,Retired,69.16,244.0,91913.0,Home,,,1219.0,F1,18.0,80250.0,66010.0,no,0.0,1.0,1
,FEMALE,Divorced,Bachelor,8608.0,,Employed,12.89,306.0,38723.0,Vacation,,12.0,,B1,,,,Yes,,4.0,0
,FEMALE,single,Diploma,8168.0,1477.67,Student,112.92,255.0,165548.0,Home,,,1304.0,,,235271.0,244734.0,No,3.0,1.0,
,,,bachelor,,8094.0,employed,82.49,,,Car,13.87,48.0,,,,,44209.0,YES,0.0,1.0,1
,Female,MARRIED,Master,,,Unemployed,,336.0,,Car,8.55,84.0,,A1,0.0,173909.0,,,0.0,2.0,
82.0,male,Widowed,Diploma,227572.0,19353.33,Retired,88.17,214.0,,,,24.0,,B1,18.0,117416.0,,YES,3.0,3.0,1
17.0,Male,MARRIED,,9791.0,815.92,Self-Employed,,,248579.0,Home,25.31,72.0,4164.31,G5,21.0,,,No,,2.0,No
78.0,Other,Widowed,Diploma,271818.0,21728.5,Student,,875.0,57747.0,Personal,,24.0,,b2,,,,,1.0,2.0,
16.0,Female,MARRIED,High School,,,employed,,279.0,,,25.55,36.0,,D2,3.0,143214.0,,Yes,1.0,1.0,0
29.0,FEMALE,,bachelor,8546.0,712.17,employed,8.37,863.0,120818.0,Education,12.03,,1666.0,C1,3.0,81358.0,,No,1.0,,
,Male,Widowed,Bachelor,,8801.0,,105.34,,211811.0,Home,23.88,12.0,21865.96,A3,25.0,152987.0,42274.0,no,0.0,4.0,
,,Widowed,Diploma,,5419.0,Self-Employed,45.58,240.0,,Vacation,8.97,12.0,2940.0,E1,,235341.0,261767.0,No,1.0,4.0,1
,,single,High School,215507.0,17958.92,Unemployed,64.01,277.0,66185.0,Business,,48.0,1606.0,b2,15.0,214861.0,113470.0,YES,3.0,0.0,
16.0,Female,Married,Bachelor,174130.0,14510.83,,112.31,886.0,173898.0,Personal,21.53,72.0,2935.25,C1,,64065.0,88313.0,no,1.0,5.0,No
,Female,Divorced,bachelor,159665.0,,employed,,,13528.0,Education,19.15,,3840.0,C3,23.0,178915.0,,no,,1.0,1
15.0,,,Diploma,248617.0,19734.08,Retired,78.85,,102862.0,Medical,10.63,60.0,2027.6,B3,4.0,168318.0,,Yes,0.0,,
78.0,FEMALE,single,Diploma,94645.0,8462.08,Student,8.51,266.0,184905.0,Car,8.68,60.0,3349.25,E1,11.0,101154.0,,YES,2.0,,0
49.0,FEMALE,MARRIED,,,,Self-Employed,31.33,883.0,72840.0,Personal,15.04,60.0,1153.59,F1,,,,,3.0,0.0,Yes
72.0,Other,Divorced,PhD,5294.0,827.17,Unemployed,33.1,863.0,,Medical,,36.0,,F1,26.0,21956.0,,YES,0.0,3.0,No
,male,MARRIED,Bachelor,65632.0,5469.33,Self-Employed,33.11,,98362.0,Vacation,,48.0,4909.0,D2,,49308.0,42456.0,No,3.0,3.0,No
75.0,Female,single,Diploma,32361.0,2696.75,Student,82.37,852.0,82169.0,Home,26.75,60.0,1735.82,B1,18.0,97518.0,101026.0,YES,1.0,0.0,0
48.0,Female,Single,PhD,239670.0,19972.5,Employed,117.57,292.0,247648.0,Medical,5.99,48.0,5554.38,A1,8.0,124871.0,155391.0,No,3.0,,0
,Female,Divorced,,9002.0,,,70.44,873.0,175109.0,Education,,,,Z9,21.0,206325.0,,Yes,,2.0,1
,Male,MARRIED,Master,9417.0,784.75,Employed,,851.0,,Education,,36.0,,C2,10.0,108988.0,154418.0,,2.0,4.0,Yes
81.0,FEMALE,Divorced,Diploma,,,employed,,398.0,30597.0,Home,24.11,12.0,3164.49,D1,3.0,68127.0,64907.0,Yes,0.0,2.0,Yes
,,MARRIED,bachelor,219350.0,17867.17,Student,106.19,659.0,179636.0,Vacation,,12.0,,A2,15.0,161895.0,,YES,2.0,4.0,0
23.0,male,Widowed,High School,278180.0,,Retired,,697.0,109003.0,Medical,,48.0,,B1,18.0,3349.0,2430.0,,1.0,0.0,
56.0,,MARRIED,,,,Employed,,882.0,,Vacation,23.46,84.0,409.0,A1,,149285.0,,Yes,3.0,3.0,0
,FEMALE,,Bachelor,191436.0,,Retired,,489.0,224421.0,Home,16.42,36.0,7122.53,C2,18.0,13321.0,26199.0,No,3.0,0.0,
21.0,FEMALE,,bachelor,149511.0,12459.25,employed,,,163879.0,Car,23.33,,3968.0,B3,26.0,30065.0,,,1.0,,
44.0,Female,Married,PhD,8232.0,,Retired,106.39,331.0,202440.0,Education,18.75,36.0,6677.71,A2,20.0,186788.0,,,3.0,5.0,
17.0,Other,Divorced,Diploma,,,Retired,15.52,,62515.0,Medical,,24.0,2111.0,C3,,234656.0,155827.0,No,,,1
17.0,Female,Widowed,Master,273405.0,21620.75,,,649.0,77251.0,Medical,,48.0,1735.0,B1,,,33568.0,YES,0.0,0.0,1
,Female,Single,Bachelor,256492.0,,employed,49.07,886.0,152217.0,Education,,,,B1,13.0,177302.0,82088.0,no,0.0,0.0,0
17.0,Female,,PhD,8520.0,,Employed,,576.0,249584.0,Business,,48.0,,G5,19.0,196562.0,207823.0,no,1.0,1.0,1
72.0,Female,single,Master,,,Student,91.44,,31432.0,,,,1281.0,C1,,200617.0,236089.0,Yes,,,Yes
83.0,,,Bachelor,,,Unemployed,,,94707.0,Medical,,12.0,,E1,20.0,86603.0,59276.0,,3.0,1.0,1
84.0,Female,Married,Master,21514.0,1792.83,Unemployed,14.16,273.0,12792.0,Medical,18.96,60.0,214.62,Z9,13.0,139534.0,168100.0,No,0.0,,1
56.0,male,,High School,7204.0,600.33,Student,12.42,889.0,245081.0,Medical,21.5,36.0,7979.48,,7.0,44661.0,17847.0,Yes,1.0,1.0,No
,Other,,Master,,9165.0,Self-Employed,32.67,889.0,,Medical,,,4307.0,B1,22.0,,48078.0,,2.0,0.0,
74.0,Female,Widowed,Diploma,6205.0,1175.08,Student,57.78,403.0,52951.0,Personal,4.88,,2121.0,,,,31487.0,YES,0.0,4.0,
,FEMALE,,Bachelor,188881.0,15740.08,Employed,,890.0,41677.0,Medical,4.76,36.0,1212.8,E1,,75608.0,3235.0,no,0.0,3.0,Yes
45.0,Male,Single,Bachelor,155652.0,12971.0,Employed,,,,Medical,,36.0,,C1,0.0,200855.0,72288.0,Yes,2.0,5.0,Yes
,male,MARRIED,Diploma,55412.0,5358.67,Self-Employed,86.03,,197549.0,Vacation,,72.0,,A2,28.0,,39651.0,Yes,1.0,4.0,1
,,MARRIED,Master,271408.0,,Self-Employed,118.7,215.0,,,12.28,48.0,1380.0,Z9,12.0,128693.0,132422.0,YES,3.0,,1
74.0,,Married,High School,258379.0,21961.58,Self-Employed,,665.0,11863.0,Home,6.43,36.0,350.72,B3,9.0,66572.0,19908.0,Yes,,0.0,0
71.0,male,Single,Master,194096.0,16604.67,Retired,77.02,,81666.0,,,36.0,582.0,E1,,231726.0,,YES,3.0,,1
16.0,Other,single,Bachelor,6971.0,580.92,Retired,88.9,893.0,5823.0,Business,18.31,36.0,350.37,Z9,1.0,,5813.0,YES,1.0,2.0,0
,,Divorced,Diploma,,13340.0,Employed,,235.0,134840.0,Vacation,,72.0,,A2,26.0,2975.0,1026.0,,,2.0,
72.0,Male,Widowed,PhD,223584.0,18806.0,,63.77,277.0,151554.0,Personal,22.59,,4891.0,C2,20.0,219061.0,237705.0,Yes,1.0,5.0,No
34.0,FEMALE,MARRIED,Bachelor,6877.0,2472.08,employed,,893.0,32323.0,Car,14.61,60.0,617.42,C2,,191637.0,,,1.0,4.0,1
18.0,Other,,,98186.0,8182.17,Retired,40.15,424.0,99226.0,Medical,,84.0,1375.0,B3,28.0,28750.0,35146.0,,0.0,4.0,No
,male,Married,Master,173052.0,14421.0,employed,61.79,,146242.0,Business,,12.0,,B3,,139112.0,,YES,,5.0,0
,Male,Married,bachelor,230761.0,19861.08,Employed,37.71,882.0,27098.0,Car,15.14,72.0,514.3399999999999,A2,19.0,164398.0,185052.0,no,3.0,2.0,0
71.0,Male,MARRIED,Diploma,200059.0,16063.58,Retired,111.09,867.0,239189.0,Personal,,60.0,,B1,5.0,248615.0,,no,0.0,1.0,0
35.0,FEMALE,Single,Diploma,294073.0,,Employed,10.19,,87232.0,Personal,25.54,60.0,1825.18,F1,3.0,,22840.0,no,,,1
76.0,,,Diploma,161163.0,13430.25,Employed,96.8,869.0,96518.0,Education,21.84,84.0,1634.97,F1,,,,,2.0,1.0,No
16.0,FEMALE,Single,,170664.0,,Student,12.31,302.0,,Home,7.51,24.0,,G5,3.0,95201.0,32767.0,YES,1.0,1.0,0
,Female,Single,bachelor,7253.0,,employed,87.52,858.0,154207.0,Education,12.8,,4055.0,D1,18.0,126414.0,154810.0,Yes,3.0,,No
16.0,Female,,PhD,6837.0,1388.75,,,679.0,202393.0,Medical,8.27,,,b2,27.0,,32844.0,Yes,0.0,4.0,0
16.0,Other,single,bachelor,9554.0,1366.17,Student,,876.0,70248.0,Car,,84.0,4702.0,F1,15.0,2191.0,,No,2.0,0.0,
15.0,,single,Diploma,141276.0,11773.0,Self-Employed,45.59,,14525.0,Car,9.94,48.0,332.68,C3,14.0,72120.0,,Yes,2.0,1.0,No
72.0,male,Divorced,High School,270309.0,22525.75,Student,116.08,468.0,101667.0,Home,23.7,84.0,1497.17,C3,6.0,,,No,0.0,5.0,1
84.0,Female,single,High School,46767.0,4607.25,employed,54.56,247.0,30573.0,Vacation,7.27,72.0,455.5,B1,2.0,219758.0,264765.0,No,0.0,1.0,Yes
77.0,Male,Married,Master,273550.0,24425.83,Unemployed,25.65,418.0,,Business,,84.0,1460.0,B1,,161384.0,,no,1.0,0.0,No
79.0,Female,Married,bachelor,75041.0,,employed,,451.0,121907.0,Vacation,16.84,60.0,2635.94,A3,10.0,19849.0,47880.0,,2.0,0.0,0
66.0,FEMALE,Married,Bachelor,5685.0,,Unemployed,,869.0,84498.0,Education,,24.0,3646.0,A3,,,,no,,3.0,
79.0,FEMALE,Divorced,High School,58065.0,4124.75,Unemployed,44.81,714.0,,Business,14.72,12.0,,G5,28.0,206775.0,231540.0,no,1.0,2.0,
16.0,male,MARRIED,,56626.0,,employed,55.86,362.0,6161.0,Vacation,14.06,84.0,83.66,C3,,193173.0,162028.0,no,0.0,2.0,
,FEMALE,Married,PhD,7039.0,,Retired,100.02,717.0,,Business,,48.0,,G5,,211311.0,255738.0,no,3.0,1.0,0
37.0,male,single,Diploma,,5277.0,Unemployed,,,192977.0,Vacation,22.3,36.0,6555.86,D1,28.0,,25185.0,,,4.0,No
85.0,Other,Married,bachelor,8017.0,2069.08,Retired,,250.0,135194.0,Education,18.84,72.0,1989.45,B1,,113799.0,26822.0,no,3.0,4.0,Yes
64.0,male,MARRIED,PhD,170978.0,,Student,79.65,,26950.0,Home,,48.0,371.0,A1,5.0,,,Yes,,0.0,
77.0,Female,Widowed,Bachelor,9291.0,1593.25,Retired,48.56,378.0,,Car,,60.0,,b2,,239006.0,,,1.0,1.0,Yes
51.0,Male,single,,,,employed,,853.0,95759.0,Home,18.75,24.0,4719.08,D2,23.0,164263.0,170307.0,YES,3.0,,0
51.0,,Single,Bachelor,45760.0,3813.33,,16.71,560.0,,Vacation,,84.0,,b2,,109239.0,,Yes,3.0,5.0,Yes
83.0,Female,Widowed,High School,248747.0,,Self-Employed,,857.0,6287.0,,11.64,,1639.0,A1,24.0,151120.0,,no,,5.0,0
75.0,male,MARRIED,Bachelor,8711.0,,Retired,26.13,450.0,,Medical,,60.0,4577.0,A1,,,,No,1.0,1.0,0
15.0,FEMALE,Married,Bachelor,49038.0,,Retired,,893.0,,Business,,24.0,3795.0,b2,,,,Yes,2.0,,0
40.0,Other,Widowed,,,,Employed,,254.0,138599.0,Business,,36.0,3606.0,b2,25.0,,26063.0,Yes,2.0,,1
75.0,,Single,High School,284371.0,,Employed,,209.0,36638.0,Personal,24.06,,,A1,17.0,,29458.0,no,0.0,4.0,
23.0,Male,Widowed,Master,,,Student,37.94,,83514.0,Vacation,,84.0,,B2,4.0,97679.0,116015.0,no,0.0,5.0,Yes
,Other,single,Diploma,24502.0,3191.83,Self-Employed,23.96,,,Home,,24.0,,C1,5.0,28563.0,37257.0,Yes,,1.0,0
,Other,Divorced,PhD,267771.0,20856.25,Employed,,,,Medical,,24.0,,b2,1.0,,36729.0,YES,2.0,2.0,0
15.0,Female,Divorced,PhD,38637.0,3219.75,Student,,,,Business,16.56,24.0,,G5,,132094.0,,No,0.0,,No
17.0,,,bachelor,5238.0,780.5,employed,107.54,248.0,106008.0,Car,,84.0,1024.0,B3,,64694.0,26388.0,,2.0,5.0,1
17.0,male,Single,PhD,,2218.0,Retired,34.38,889.0,54075.0,Home,21.71,24.0,2742.28,B3,4.0,,27078.0,,0.0,4.0,1
,Male,single,,246501.0,20541.75,Student,10.04,,,Business,18.83,24.0,2372.0,B3,,,34261.0,YES,2.0,3.0,0
,Male,Widowed,,,,Self-Employed,107.54,353.0,,Personal,16.18,36.0,,F1,,66737.0,,,3.0,4.0,0
81.0,Female,single,Diploma,203057.0,18412.42,,94.56,700.0,36169.0,Personal,,,4912.0,F1,5.0,138397.0,,,1.0,4.0,
85.0,FEMALE,Widowed,PhD,8187.0,,Unemployed,,890.0,158267.0,,,24.0,,D1,8.0,213142.0,96791.0,No,2.0,5.0,No
25.0,Other,Divorced,Master,,,Employed,22.97,862.0,,Business,12.34,60.0,,G5,,111912.0,51711.0,Yes,1.0,,Yes
46.0,male,Single,PhD,7177.0,,,50.92,246.0,15300.0,Personal,,36.0,3790.0,F1,5.0,82703.0,117025.0,,,,Yes
,male,Divorced,Diploma,237961.0,19830.08,Retired,12.09,878.0,,Home,,60.0,4484.0,B2,0.0,197113.0,,Yes,1.0,,
81.0,FEMALE,Single,Bachelor,31070.0,3862.17,Unemployed,,,42599.0,Education,,,,Z9,22.0,202970.0,145633.0,YES,2.0,5.0,Yes
82.0,Female,MARRIED,,9221.0,2533.42,Employed,39.48,686.0,38737.0,Business,16.86,24.0,1886.17,G5,8.0,26959.0,,No,,3.0,
,Other,Married,PhD,117912.0,10550.0,Employed,,248.0,147361.0,Car,,60.0,3025.0,F1,1.0,137783.0,40568.0,YES,0.0,5.0,Yes
72.0,Female,Single,,8628.0,,Student,,281.0,86904.0,Education,12.16,36.0,2707.54,C2,,,15031.0,,1.0,,No
16.0,male,single,,,12374.0,Employed,,200.0,97615.0,,,60.0,,A3,16.0,163598.0,201452.0,No,,3.0,No
82.0,,,bachelor,7677.0,639.75,,,244.0,4680.0,Personal,,12.0,,b2,11.0,24710.0,,no,3.0,0.0,0
16.0,male,single,Bachelor,73941.0,,,78.17,283.0,76215.0,Home,,36.0,,C1,25.0,4993.0,,YES,0.0,1.0,No
49.0,Male,Single,Master,8258.0,688.17,Student,10.75,423.0,16146.0,,,84.0,,B2,,,,no,3.0,1.0,1
82.0,Other,Single,bachelor,7405.0,384.08,Retired,42.57,887.0,,Education,4.82,,,B2,9.0,220187.0,46173.0,Yes,,1.0,
40.0,male,Divorced,Master,273805.0,,Unemployed,46.94,209.0,77475.0,Home,22.74,,,B2,15.0,145003.0,181027.0,YES,0.0,2.0,No
,Other,Divorced,Bachelor,84857.0,,employed,,895.0,122381.0,Home,14.52,84.0,1497.46,C2,1.0,,,no,2.0,3.0,Yes
,Female,MARRIED,bachelor,297053.0,24754.42,Unemployed,30.4,360.0,,Home,,72.0,2385.0,C1,,112559.0,32935.0,YES,,1.0,0
46.0,,Single,Diploma,140184.0,11682.0,Retired,7.33,259.0,,Personal,,24.0,,A3,29.0,115827.0,44920.0,,,2.0,Yes
74.0,male,Single,Bachelor,41938.0,3808.83,Self-Employed,59.99,879.0,,Vacation,,,3539.0,F1,13.0,153261.0,7781.0,Yes,2.0,4.0,0
,Male,Divorced,High School,187548.0,15279.0,Employed,46.2,887.0,126259.0,Home,27.18,24.0,6690.67,D2,,,32827.0,Yes,2.0,,1
20.0,,Widowed,High School,,6971.0,Self-Employed,16.9,887.0,,Business,,,1035.0,C2,28.0,,,YES,1.0,1.0,No
17.0,male,MARRIED,Diploma,164794.0,14232.83,Employed,9.9,893.0,,Car,,36.0,,A3,,148095.0,181883.0,no,,4.0,No
,,Divorced,PhD,,867.0,Retired,73.99,819.0,87702.0,Education,23.66,84.0,1291.1,A2,,41860.0,10532.0,Yes,3.0,3.0,
81.0,male,,Diploma,61522.0,,Student,,788.0,,Medical,20.2,,4886.0,A2,,,44936.0,Yes,2.0,,0
68.0,FEMALE,Single,PhD,,,Student,,249.0,227797.0,Medical,20.34,72.0,3807.37,G5,20.0,134026.0,145935.0,no,2.0,1.0,0
15.0,Female,,High School,8161.0,2503.08,Student,75.51,,,Car,14.06,12.0,,G5,0.0,190074.0,,Yes,2.0,0.0,1
80.0,male,,High School,9912.0,826.0,Student,23.28,868.0,94681.0,,,84.0,53.0,B2,,26455.0,43134.0,Yes,3.0,2.0,0
16.0,,MARRIED,PhD,,,Self-Employed,64.78,266.0,,Personal,6.04,60.0,,B3,26.0,,1186.0,,,3.0,No
79.0,Male,,Diploma,,5605.0,,,,,Home,25.47,72.0,2837.0,E1,17.0,,,Yes,3.0,5.0,0
,FEMALE,single,PhD,8450.0,,Unemployed,,854.0,85884.0,Vacation,,72.0,,F1,,51674.0,,no,,3.0,Yes
15.0,male,MARRIED,PhD,126243.0,11879.25,Employed,74.55,251.0,211042.0,Education,,72.0,,G5,27.0,179064.0,83606.0,Yes,0.0,3.0,
80.0,,Single,High School,,,Employed,14.73,883.0,16520.0,Vacation,,84.0,3968.0,A2,,42713.0,20709.0,Yes,0.0,3.0,No
,Male,Married,,158493.0,,Employed,,,193944.0,Personal,26.37,60.0,4084.78,C2,,173550.0,215400.0,no,3.0,,No
17.0,,Divorced,Bachelor,228300.0,,,99.13,449.0,23915.0,Education,7.4,72.0,356.73,C1,,224454.0,,YES,2.0,,No
,FEMALE,Married,bachelor,,13173.0,Employed,54.38,,,Business,11.4,,,A2,,,36317.0,No,0.0,3.0,No
74.0,Other,Married,Bachelor,6879.0,2181.25,Unemployed,100.2,567.0,,Business,23.01,24.0,3296.0,E1,,186212.0,190600.0,no,1.0,3.0,No
17.0,Other,Divorced,Master,9880.0,1021.33,Retired,43.67,257.0,,Medical,,84.0,,F1,7.0,,,no,,5.0,Yes
15.0,,MARRIED,Diploma,6668.0,981.67,Retired,,291.0,22329.0,Education,10.1,36.0,682.9,B2,3.0,,,Yes,1.0,1.0,1
,Other,Single,,132929.0,11077.42,Self-Employed,77.36,549.0,,,,24.0,,C3,,109194.0,48846.0,No,1.0,2.0,
17.0,Male,Widowed,Master,5285.0,440.42,,26.45,876.0,60905.0,Medical,,72.0,4869.0,A3,2.0,59348.0,,,0.0,,Yes
,Female,Widowed,PhD,,,Student,,743.0,49140.0,,14.6,60.0,938.57,b2,,,38189.0,Yes,2.0,0.0,
80.0,FEMALE,,PhD,107163.0,9262.25,Retired,50.71,609.0,,Personal,18.48,12.0,,B2,28.0,,24495.0,,2.0,4.0,
,male,Widowed,Bachelor,5739.0,477.25,Retired,,897.0,51475.0,Medical,6.77,60.0,1028.0,B2,,177114.0,46406.0,,2.0,2.0,Yes
76.0,,Married,Diploma,9734.0,2270.17,employed,110.86,861.0,,Medical,18.0,24.0,,A1,17.0,237766.0,107481.0,no,,1.0,1
,Other,Single,PhD,,1687.0,Self-Employed,51.41,,72073.0,Car,15.81,72.0,1159.27,A2,19.0,86080.0,,Yes,,1.0,1
20.0,,Widowed,PhD,124771.0,8415.58,Retired,111.91,889.0,,Medical,,72.0,,Z9,,108263.0,,Yes,,,No
15.0,,Divorced,PhD,153143.0,10906.92,employed,53.47,,44553.0,Medical,,48.0,,G5,27.0,236969.0,284703.0,YES,1.0,4.0,No
16.0,FEMALE,Single,Master,205590.0,17132.5,Unemployed,29.69,250.0,159730.0,Education,,84.0,,A1,24.0,45364.0,74483.0,,0.0,0.0,Yes
58.0,Male,single,,5833.0,486.08,Self-Employed,,871.0,,Car,26.62,12.0,1215.0,B3,0.0,,30175.0,No,1.0,3.0,
17.0,,single,PhD,,,Unemployed,76.95,297.0,11346.0,Education,12.43,72.0,177.17,,30.0,,39548.0,no,2.0,5.0,0
32.0,male,single,bachelor,8216.0,2656.67,Unemployed,,892.0,95551.0,Education,20.72,12.0,9441.43,E1,11.0,6119.0,,,,2.0,1
20.0,Female,Widowed,PhD,,,Unemployed,43.19,869.0,105039.0,Personal,17.92,24.0,5160.92,C2,16.0,177572.0,,YES,3.0,3.0,1
76.0,FEMALE,Married,,54121.0,2808.08,Retired,43.64,615.0,199480.0,Home,,36.0,,A2,26.0,190417.0,48174.0,Yes,2.0,1.0,0
,Other,MARRIED,PhD,145807.0,12150.58,employed,,,200671.0,Home,14.94,12.0,19262.94,C2,,,37469.0,No,0.0,5.0,1
76.0,male,single,,,,Self-Employed,,,1143.0,Home,,36.0,,E1,3.0,144779.0,,Yes,,3.0,1
52.0,male,MARRIED,Diploma,,11809.0,Employed,35.11,274.0,124694.0,Medical,17.57,12.0,12216.89,D2,9.0,103335.0,,Yes,,1.0,1
83.0,FEMALE,Married,,5442.0,972.5,Self-Employed,,877.0,,Business,26.28,36.0,,A1,,131624.0,163558.0,Yes,1.0,0.0,1
75.0,Other,Single,Master,,8659.0,Unemployed,26.77,291.0,17671.0,,13.26,12.0,1667.85,,21.0,,7130.0,no,0.0,4.0,No
32.0,FEMALE,,bachelor,,,Unemployed,8.68,272.0,178260.0,Car,24.83,36.0,6181.17,G5,,71584.0,3823.0,Yes,2.0,3.0,No
,Male,Widowed,Master,5332.0,1312.33,Student,,,,Personal,,72.0,,A1,,196181.0,,YES,1.0,3.0,1
,Male,single,PhD,47308.0,2304.33,employed,33.23,846.0,20248.0,Vacation,22.97,72.0,345.82,B2,27.0,211151.0,69875.0,Yes,,4.0,Yes
15.0,Male,Single,,274394.0,24745.17,employed,100.11,874.0,,Personal,5.85,48.0,2061.0,,,28516.0,26506.0,no,2.0,3.0,
16.0,Male,Married,Bachelor,206132.0,17177.67,Unemployed,25.35,640.0,,Personal,,84.0,3217.0,B3,12.0,128334.0,27344.0,,2.0,4.0,Yes
75.0,male,,Diploma,,14755.0,Self-Employed,69.44,900.0,162810.0,Medical,22.76,60.0,3156.09,C1,,108645.0,,YES,1.0,5.0,Yes
32.0,Female,Married,Bachelor,19861.0,,employed,58.32,880.0,47696.0,Medical,26.4,72.0,837.33,Z9,17.0,,19405.0,No,1.0,,0
16.0,FEMALE,single,Bachelor,,8082.0,employed,,874.0,212716.0,Home,,48.0,1647.0,A2,0.0,134612.0,16238.0,YES,1.0,5.0,1
15.0,Other,single,Diploma,,933.0,Retired,,276.0,30715.0,,22.43,,,C2,,28012.0,68803.0,,,2.0,1
73.0,Other,Single,Master,8626.0,,Student,62.94,,80087.0,,,48.0,,B1,5.0,149706.0,,YES,0.0,0.0,0
,Female,Divorced,Master,7901.0,,employed,19.45,456.0,,Car,27.1,,3611.0,D1,18.0,232661.0,259041.0,no,,1.0,1
,Other,Single,bachelor,203992.0,15863.33,Self-Employed,5.35,858.0,112927.0,Education,,48.0,,A1,19.0,127265.0,172070.0,No,3.0,5.0,0
,Male,Divorced,High School,,11261.0,Student,58.75,878.0,116583.0,Home,,12.0,3011.0,A3,12.0,34955.0,,no,2.0,3.0,No
49.0,Female,,Diploma,5004.0,-1509.0,employed,,,23115.0,Vacation,20.17,,,A2,15.0,97546.0,19617.0,No,3.0,3.0,Yes
72.0,FEMALE,single,Bachelor,,,Self-Employed,65.5,636.0,,Personal,,84.0,,B3,7.0,112186.0,,Yes,1.0,0.0,No
15.0,,Widowed,Master,215690.0,,Unemployed,95.59,,174474.0,Personal,4.66,12.0,15491.04,G5,20.0,171858.0,,Yes,0.0,3.0,1
76.0,male,Widowed,,,4962.0,Employed,14.86,,148883.0,Business,14.87,72.0,2464.3,G5,9.0,31194.0,76723.0,,,2.0,No
17.0,,,PhD,225703.0,,Retired,,,165016.0,Medical,,60.0,1863.0,C2,30.0,94934.0,40023.0,,0.0,4.0,No
28.0,,Married,High School,,2602.0,,14.53,870.0,,Business,,24.0,,D1,21.0,15580.0,,YES,,1.0,1
20.0,Female,MARRIED,High School,,14397.0,Self-Employed,87.69,,51004.0,Business,21.5,12.0,5164.15,D2,,,,YES,0.0,4.0,Yes
72.0,Male,Married,Bachelor,272513.0,22972.42,Self-Employed,,204.0,,Medical,,48.0,,,18.0,,37092.0,YES,1.0,5.0,0
,,Divorced,High School,,,Student,119.61,240.0,,Business,11.87,60.0,,E1,1.0,,6876.0,no,,2.0,Yes
,Male,Married,Diploma,6306.0,,Unemployed,,,21095.0,Personal,7.7,72.0,315.55,A1,29.0,16130.0,14382.0,No,3.0,4.0,No
83.0,male,Divorced,Master,216438.0,18036.5,Employed,,211.0,11255.0,Education,,,,B2,16.0,148415.0,34553.0,Yes,3.0,,Yes
,Female,MARRIED,,,5761.0,Student,39.59,484.0,,Personal,22.99,60.0,459.0,F1,,,15902.0,,2.0,4.0,1
78.0,,MARRIED,,130323.0,10860.25,Retired,7.75,882.0,14071.0,Home,6.52,24.0,624.52,C2,4.0,69307.0,,no,,4.0,
15.0,,Married,Master,9046.0,753.83,,,691.0,,Business,10.48,,,C1,20.0,167280.0,39230.0,YES,0.0,2.0,No
17.0,FEMALE,Married,Master,15078.0,1256.5,Student,,865.0,,Education,,24.0,,,23.0,209375.0,,No,1.0,2.0,No
27.0,Male,Married,PhD,116691.0,,Unemployed,,229.0,,,13.17,36.0,4903.0,B2,,129351.0,121118.0,,1.0,0.0,Yes
16.0,FEMALE,Single,Diploma,183548.0,15295.67,employed,13.35,898.0,27838.0,Car,19.89,12.0,3028.25,E1,29.0,113629.0,92323.0,no,3.0,4.0,Yes
43.0,,single,PhD,249579.0,,Student,78.82,876.0,115333.0,Vacation,,36.0,,D1,25.0,106151.0,139081.0,No,1.0,2.0,1
,Male,Widowed,bachelor,6466.0,538.83,Retired,109.52,584.0,41060.0,Education,,48.0,973.0,b2,,,,no,0.0,0.0,1
45.0,Female,,Diploma,56064.0,4672.0,Retired,,253.0,,Home,,48.0,,A2,,44174.0,55935.0,YES,1.0,,Yes
77.0,Male,single,PhD,9553.0,,employed,46.25,258.0,,Vacation,23.06,48.0,4012.0,D1,3.0,119981.0,,No,1.0,5.0,No
73.0,FEMALE,single,Bachelor,6248.0,520.67,employed,,892.0,,Business,15.71,84.0,4000.0,A3,,,3847.0,YES,3.0,0.0,Yes
15.0,male,MARRIED,Bachelor,8432.0,,Retired,68.3,239.0,,Personal,16.19,36.0,3251.0,D2,25.0,211218.0,139949.0,YES,0.0,,Yes
65.0,FEMALE,single,Master,,2838.0,Unemployed,,591.0,56450.0,Business,,,,b2,17.0,,30968.0,YES,1.0,2.0,Yes
81.0,Female,Widowed,Diploma,116508.0,9268.0,Student,,202.0,77582.0,Medical,,12.0,1415.0,C3,11.0,121300.0,22400.0,No,0.0,4.0,No
54.0,Male,Single,High School,8952.0,,Self-Employed,80.69,888.0,224185.0,Business,24.09,72.0,3863.77,A1,22.0,115441.0,144740.0,Yes,,2.0,No
16.0,Other,single,High School,125244.0,10495.0,Employed,115.14,558.0,,Vacation,,36.0,,Z9,26.0,,14372.0,YES,,3.0,
,FEMALE,single,,195314.0,18004.17,Unemployed,61.76,875.0,214345.0,Medical,,36.0,,D2,11.0,18368.0,10871.0,no,3.0,2.0,1
84.0,Female,Single,bachelor,93930.0,7827.5,Employed,56.11,,,Education,12.67,36.0,,G5,,2435.0,,no,1.0,4.0,
17.0,Other,,High School,7660.0,,Student,8.66,854.0,,Medical,24.28,72.0,880.0,A3,23.0,,22475.0,,2.0,3.0,1
76.0,Other,Married,Master,,14817.0,Retired,34.39,842.0,15697.0,Car,,,1683.0,C1,,,,no,,1.0,Yes
79.0,,Divorced,bachelor,5559.0,,,16.7,794.0,63287.0,Car,,36.0,,E1,26.0,43085.0,88403.0,No,2.0,2.0,Yes
,male,,PhD,,,Retired,48.47,889.0,41683.0,,23.62,60.0,858.81,C2,0.0,224054.0,68679.0,,1.0,0.0,0
16.0,FEMALE,single,PhD,265270.0,21701.83,Unemployed,,275.0,,Education,,72.0,,A3,,239386.0,271516.0,YES,,4.0,0
73.0,male,Widowed,PhD,,1842.0,Employed,,884.0,,Vacation,,72.0,860.0,B1,2.0,106176.0,55765.0,no,3.0,,No
23.0,FEMALE,MARRIED,,9692.0,807.67,Unemployed,45.95,851.0,,Business,,36.0,4639.0,B2,,57438.0,14484.0,Yes,0.0,4.0,1
68.0,FEMALE,Single,High School,,,Unemployed,112.76,291.0,182615.0,Vacation,,12.0,,A3,,189615.0,,no,3.0,1.0,Yes
,Male,Divorced,,270467.0,,Unemployed,,249.0,,,,48.0,,B3,11.0,,22086.0,Yes,3.0,2.0,1
43.0,Male,Widowed,bachelor,9162.0,694.5,Unemployed,,722.0,24817.0,,,84.0,,D2,,46972.0,,,3.0,,
20.0,FEMALE,Divorced,Master,61521.0,3680.75,Employed,,,102169.0,Home,,48.0,,G5,22.0,114356.0,155890.0,no,0.0,4.0,1
17.0,,Divorced,Diploma,239552.0,21530.67,Employed,,,99880.0,Medical,24.61,72.0,1728.62,A2,6.0,119015.0,110868.0,no,,,No
79.0,male,Single,Bachelor,238090.0,,Self-Employed,98.21,223.0,30156.0,Vacation,,,164.0,B2,11.0,,,Yes,2.0,0.0,1
32.0,Male,Single,PhD,8688.0,-1247.0,Student,,899.0,37634.0,,,60.0,,A1,,155485.0,,YES,2.0,,No
74.0,Female,Divorced,Master,245013.0,20417.75,Retired,28.74,260.0,25316.0,Vacation,10.73,36.0,778.68,,5.0,,,Yes,0.0,4.0,
,Male,Single,bachelor,189186.0,14570.5,Student,16.89,283.0,72264.0,Education,,72.0,,A3,,14554.0,,YES,,0.0,No
,Other,Divorced,Diploma,141922.0,9928.83,Student,7.96,237.0,,Personal,14.08,,,B2,26.0,73717.0,74129.0,Yes,1.0,2.0,1
17.0,Male,Married,Diploma,33569.0,3186.42,Student,,607.0,216937.0,Education,,12.0,,C3,,,24142.0,,,4.0,
77.0,Female,Married,Master,39726.0,,Student,,,77210.0,Medical,,60.0,4439.0,A1,,,29046.0,no,0.0,4.0,0
16.0,Other,,Bachelor,174453.0,14327.75,Retired,29.04,220.0,113200.0,Vacation,17.93,84.0,1589.25,D2,8.0,97730.0,25871.0,No,0.0,1.0,0
,Male,,PhD,227092.0,18924.33,Retired,47.25,,29548.0,Home,,48.0,2439.0,A1,,,,No,1.0,1.0,Yes
,male,,Bachelor,173946.0,,,17.05,550.0,,Car,27.74,84.0,3982.0,D2,,52922.0,,no,2.0,5.0,
15.0,male,Divorced,Bachelor,204788.0,,Retired,76.4,742.0,117935.0,Car,9.28,60.0,2147.99,A2,,178521.0,,Yes,1.0,5.0,No
82.0,FEMALE,Married,Master,,10272.0,Unemployed,115.83,851.0,139136.0,Car,,24.0,4120.0,B3,,92285.0,107187.0,No,,5.0,
,,Widowed,High School,283063.0,,Employed,,446.0,,Car,,24.0,,B3,6.0,62902.0,66531.0,no,3.0,0.0,
15.0,,Widowed,Diploma,,12549.0,employed,39.87,856.0,58045.0,Business,,60.0,,A1,,,,No,2.0,3.0,1
,Other,single,bachelor,9023.0,-580.08,Student,111.36,,133088.0,,20.2,84.0,1904.43,b2,,186767.0,232877.0,,3.0,3.0,0
60.0,Other,single,Master,179539.0,13110.58,,46.46,,233762.0,Medical,,60.0,,E1,21.0,161053.0,54912.0,no,1.0,0.0,Yes
16.0,Other,,bachelor,,,employed,32.65,,72657.0,Home,,48.0,70.0,F1,12.0,32605.0,,,0.0,,0
73.0,FEMALE,single,,205700.0,,employed,32.79,220.0,25443.0,Car,,12.0,2597.0,,1.0,2549.0,2034.0,,0.0,0.0,1
37.0,Male,single,PhD,,,Unemployed,,872.0,,Home,17.54,24.0,,B1,19.0,249460.0,,,1.0,2.0,No
28.0,male,Single,bachelor,,,Retired,30.85,,136072.0,Medical,18.57,48.0,3361.26,Z9,15.0,133866.0,,no,1.0,3.0,
,Female,MARRIED,bachelor,158711.0,11970.92,Self-Employed,16.73,466.0,,Vacation,,72.0,,F1,29.0,,17835.0,,3.0,5.0,Yes
16.0,Male,Married,Diploma,29378.0,,Unemployed,,298.0,48798.0,Medical,12.06,84.0,650.99,C1,,139031.0,139320.0,No,,1.0,
52.0,,single,Bachelor,181340.0,15111.67,employed,93.0,251.0,,Business,23.52,12.0,,D2,,8140.0,12810.0,Yes,0.0,0.0,
15.0,,Widowed,Bachelor,8445.0,,employed,74.05,857.0,77704.0,Personal,12.02,72.0,1208.94,C3,,102259.0,17932.0,Yes,,3.0,1
32.0,Male,MARRIED,PhD,283124.0,,Student,83.06,268.0,173449.0,,,36.0,350.0,A2,17.0,10474.0,447.0,,2.0,1.0,No
,,Married,PhD,290171.0,24241.92,Retired,119.82,254.0,,Home,8.76,36.0,,,12.0,154022.0,138432.0,No,3.0,0.0,1
,male,single,Diploma,8420.0,,Self-Employed,80.08,851.0,,Home,,12.0,,b2,4.0,,35296.0,no,3.0,5.0,0
,FEMALE,MARRIED,High School,5072.0,,Self-Employed,50.71,,184324.0,Education,,,4144.0,,6.0,47123.0,,No,1.0,5.0,1
48.0,male,Married,High School,,,Unemployed,66.21,226.0,127947.0,Education,,36.0,4499.0,A1,27.0,157874.0,,no,,0.0,0
,FEMALE,Single,High School,82421.0,5116.42,Unemployed,72.52,867.0,72613.0,Vacation,15.09,48.0,1741.05,C2,29.0,12536.0,15114.0,No,,2.0,Yes
45.0,Female,MARRIED,Master,153539.0,13830.92,Self-Employed,,865.0,43611.0,Home,,72.0,,D1,13.0,98752.0,,YES,3.0,3.0,Yes
,Male,Widowed,,264479.0,22039.92,Student,59.65,473.0,228255.0,Car,,12.0,,B3,1.0,,29498.0,Yes,2.0,,
70.0,FEMALE,MARRIED,Bachelor,85267.0,7105.58,Unemployed,,869.0,141125.0,Home,26.99,48.0,3604.64,C2,,34070.0,44160.0,no,,2.0,1
74.0,Female,MARRIED,bachelor,7412.0,617.67,Unemployed,,900.0,78607.0,Vacation,4.67,72.0,1142.75,D2,4.0,,,No,1.0,3.0,Yes
,Female,Widowed,Master,228719.0,19059.92,Employed,65.99,292.0,2951.0,Vacation,,24.0,,C3,15.0,,,no,3.0,2.0,Yes
24.0,FEMALE,Married,bachelor,,,Unemployed,79.07,292.0,,Car,,72.0,1175.0,B1,,10006.0,14121.0,Yes,,,Yes
,male,Married,,,,Employed,92.56,,50068.0,Business,8.1,48.0,1127.57,C1,7.0,,,no,,4.0,Yes
40.0,Female,Widowed,bachelor,241247.0,22035.92,Self-Employed,90.47,216.0,,Personal,,48.0,,D1,,,29655.0,,2.0,0.0,No
73.0,Female,single,High School,293978.0,24498.17,Employed,51.81,856.0,148065.0,Education,,36.0,2506.0,A1,,192414.0,231013.0,YES,3.0,1.0,Yes
,Male,,Diploma,288927.0,24077.25,Self-Employed,,861.0,194715.0,,9.06,,,A3,2.0,4459.0,,YES,0.0,5.0,0
71.0,male,single,Bachelor,132954.0,10391.5,Employed,79.53,,37829.0,Car,,12.0,3933.0,,13.0,137014.0,,No,0.0,1.0,1
68.0,Female,Widowed,Master,173800.0,16435.33,,91.4,,40278.0,Business,,72.0,2311.0,C3,,,13886.0,Yes,2.0,3.0,0
48.0,Other,Single,bachelor,146112.0,10530.0,Student,76.12,,82228.0,Medical,8.55,12.0,7438.21,,18.0,39621.0,59783.0,,,2.0,1
,Other,Widowed,,185435.0,16270.92,Unemployed,83.45,540.0,,Home,,24.0,,C2,15.0,80069.0,,,3.0,0.0,
,,Married,,,8777.0,Student,46.53,676.0,155648.0,Personal,,24.0,4491.0,b2,1.0,205437.0,222240.0,YES,3.0,5.0,1
54.0,FEMALE,Married,Master,147534.0,13150.5,Unemployed,55.32,,247351.0,,4.98,72.0,3606.51,C1,29.0,117645.0,44231.0,YES,0.0,4.0,1
,male,Widowed,Diploma,299437.0,24953.08,Unemployed,,,,Home,,72.0,1836.0,D2,10.0,90637.0,50752.0,,,1.0,1
25.0,FEMALE,Single,Master,80776.0,6963.33,Self-Employed,56.89,278.0,90495.0,,14.07,36.0,2867.43,B1,,129140.0,,,1.0,,1
47.0,Other,single,,287789.0,24483.42,Retired,66.78,,,Education,11.36,48.0,,A3,,,16558.0,YES,1.0,0.0,
80.0,FEMALE,Widowed,,253586.0,21132.17,Unemployed,100.67,840.0,,Car,20.44,,,F1,,,1365.0,No,,0.0,
18.0,,Married,Master,8899.0,,Self-Employed,96.04,900.0,111150.0,Medical,25.18,12.0,11594.8,b2,10.0,,,Yes,3.0,1.0,No
17.0,,Married,High School,,10843.0,Retired,6.82,,119730.0,Home,,24.0,4963.0,B3,,114535.0,145484.0,,2.0,2.0,1
,Female,Widowed,PhD,264139.0,,Employed,37.21,258.0,90190.0,Home,6.41,60.0,1599.52,B3,25.0,138692.0,181790.0,YES,0.0,1.0,No
42.0,Male,Married,bachelor,,,Student,,,91401.0,,12.77,84.0,1008.06,C2,,189834.0,,YES,3.0,1.0,1
26.0,,Married,Diploma,,10401.0,Student,67.73,,38185.0,Vacation,,,,B3,30.0,126619.0,,YES,,4.0,No
84.0,Female,Single,PhD,,14674.0,employed,49.41,241.0,234944.0,Car,,36.0,3098.0,B2,4.0,3619.0,,Yes,0.0,0.0,
,Other,Married,,116568.0,11632.0,employed,,,98149.0,Medical,24.96,48.0,2555.15,B3,4.0,,38677.0,,,5.0,1
79.0,Male,Single,Master,,7489.0,,25.05,,,Car,,36.0,,b2,25.0,249465.0,105460.0,YES,1.0,,
15.0,Female,Single,Master,7110.0,592.5,Unemployed,,860.0,150901.0,Car,,84.0,,C1,15.0,185039.0,,YES,0.0,1.0,
16.0,Male,MARRIED,bachelor,84105.0,8201.75,Retired,8.92,211.0,65668.0,Education,,36.0,1897.0,E1,20.0,10609.0,37710.0,YES,1.0,2.0,0
15.0,,Single,,225130.0,,Student,60.16,311.0,125019.0,Medical,,60.0,2272.0,D2,,89697.0,78941.0,,0.0,,1
85.0,FEMALE,single,,58716.0,4893.0,Employed,41.3,250.0,200302.0,Personal,22.57,48.0,5114.8,A3,,,27171.0,YES,,1.0,1
,Male,,Diploma,6639.0,1030.25,Employed,,897.0,40319.0,Business,16.32,84.0,558.32,A3,,,37594.0,No,3.0,3.0,0
17.0,Male,Divorced,Diploma,157108.0,13092.33,Retired,100.69,874.0,53342.0,Medical,19.97,84.0,926.84,Z9,,,,No,1.0,0.0,Yes
,Other,Married,High School,9688.0,1168.33,Self-Employed,,859.0,227381.0,,27.95,84.0,3497.5,,19.0,,,no,3.0,0.0,
71.0,Female,,High School,8245.0,687.08,Retired,,281.0,49623.0,Personal,21.68,84.0,426.8200000000001,B2,25.0,,,,1.0,5.0,1
,Other,MARRIED,Bachelor,168619.0,,,68.22,886.0,25467.0,Medical,,12.0,1139.0,D2,7.0,240224.0,283581.0,Yes,,0.0,No
,,Single,Diploma,7870.0,-184.17,employed,27.46,617.0,204370.0,,8.19,72.0,3275.94,A1,,82809.0,128645.0,No,3.0,3.0,0
26.0,,,High School,107937.0,7284.75,Unemployed,12.09,888.0,27089.0,Medical,14.87,84.0,370.44,,,161424.0,,YES,2.0,5.0,
17.0,male,Married,Diploma,187133.0,16554.42,Unemployed,,771.0,,Personal,,84.0,2510.0,,1.0,148156.0,86533.0,No,3.0,,Yes
15.0,FEMALE,Widowed,Diploma,76057.0,6338.08,employed,72.62,233.0,,Education,,48.0,,D2,7.0,113451.0,,YES,3.0,3.0,No
15.0,Other,single,High School,8598.0,,Employed,28.28,235.0,,Business,,36.0,,D1,15.0,33234.0,1421.0,no,,4.0,1
